frame,t_sec,landmark,x_world,y_world,z_world,visibility,width,height,fps
0,0.0,NOSE,0.004124512895941734,-0.6069685816764832,-0.34265345335006714,0.9999985694885254,480,854,29.0
0,0.0,LEFT_EYE_INNER,0.013740628957748413,-0.6468968987464905,-0.33018335700035095,0.9999940395355225,480,854,29.0
0,0.0,LEFT_EYE,0.014185795560479164,-0.647342324256897,-0.32951849699020386,0.9999935626983643,480,854,29.0
0,0.0,LEFT_EYE_OUTER,0.01418535877019167,-0.6477706432342529,-0.3295058012008667,0.9999934434890747,480,854,29.0
0,0.0,RIGHT_EYE_INNER,-0.019357843324542046,-0.6425642967224121,-0.3290727734565735,0.9999934434890747,480,854,29.0
0,0.0,RIGHT_EYE,-0.01898614875972271,-0.6435344219207764,-0.3298055827617645,0.9999927282333374,480,854,29.0
0,0.0,RIGHT_EYE_OUTER,-0.019000370055437088,-0.6448301672935486,-0.32852333784103394,0.999991774559021,480,854,29.0
0,0.0,LEFT_EAR,0.06856974959373474,-0.6466091871261597,-0.2211715131998062,0.99998939037323,480,854,29.0
0,0.0,RIGHT_EAR,-0.082547627389431,-0.6392449736595154,-0.22593705356121063,0.9999850988388062,480,854,29.0
0,0.0,MOUTH_LEFT,0.027917886152863503,-0.5873197913169861,-0.3017502725124359,0.999997615814209,480,854,29.0
0,0.0,MOUTH_RIGHT,-0.016154218465089798,-0.5833905935287476,-0.3018994629383087,0.9999967813491821,480,854,29.0
0,0.0,LEFT_SHOULDER,0.17317317426204681,-0.4678526818752289,-0.12308917194604874,0.9999912977218628,480,854,29.0
0,0.0,RIGHT_SHOULDER,-0.16305407881736755,-0.4698472321033478,-0.14432412385940552,0.9999861717224121,480,854,29.0
0,0.0,LEFT_ELBOW,0.21762165427207947,-0.23506762087345123,-0.06772870570421219,0.9938976168632507,480,854,29.0
0,0.0,RIGHT_ELBOW,-0.21160030364990234,-0.2209625095129013,-0.07861876487731934,0.9773074388504028,480,854,29.0
0,0.0,LEFT_WRIST,0.2892209589481354,-0.008817310445010662,-0.13964737951755524,0.9877440333366394,480,854,29.0
0,0.0,RIGHT_WRIST,-0.29580122232437134,0.007802151143550873,-0.15112483501434326,0.9658948183059692,480,854,29.0
0,0.0,LEFT_PINKY,0.30868956446647644,0.07154455035924911,-0.15107280015945435,0.9687893986701965,480,854,29.0
0,0.0,RIGHT_PINKY,-0.3139817714691162,0.08828369528055191,-0.1695045530796051,0.9376832246780396,480,854,29.0
0,0.0,LEFT_INDEX,0.2981727421283722,0.08153001964092255,-0.19481104612350464,0.9722558856010437,480,854,29.0
0,0.0,RIGHT_INDEX,-0.3069341778755188,0.09110427647829056,-0.21118387579917908,0.9440239071846008,480,854,29.0
0,0.0,LEFT_THUMB,0.2840445339679718,0.0104149105027318,-0.15466254949569702,0.9673856496810913,480,854,29.0
0,0.0,RIGHT_THUMB,-0.2884902060031891,0.02694372646510601,-0.16993939876556396,0.9362841844558716,480,854,29.0
0,0.0,LEFT_HIP,0.11610984802246094,0.005464482586830854,0.008326632902026176,0.9998680353164673,480,854,29.0
0,0.0,RIGHT_HIP,-0.11628258973360062,-0.006092444062232971,-0.0071402424946427345,0.999858021736145,480,854,29.0
0,0.0,LEFT_KNEE,0.11779726296663284,0.4202895760536194,-0.005465612281113863,0.996068000793457,480,854,29.0
0,0.0,RIGHT_KNEE,-0.12310831248760223,0.38940179347991943,0.0016365386545658112,0.9972361922264099,480,854,29.0
0,0.0,LEFT_ANKLE,0.14206820726394653,0.7704592943191528,0.12147083878517151,0.9960166811943054,480,854,29.0
0,0.0,RIGHT_ANKLE,-0.11525563895702362,0.7429059743881226,0.1360582560300827,0.9968309998512268,480,854,29.0
0,0.0,LEFT_HEEL,0.15030495822429657,0.8145878314971924,0.12356220185756683,0.941534161567688,480,854,29.0
0,0.0,RIGHT_HEEL,-0.11548250913619995,0.7882707715034485,0.138539120554924,0.9257094860076904,480,854,29.0
0,0.0,LEFT_FOOT_INDEX,0.21592280268669128,0.8714644312858582,0.005897799506783485,0.9933421015739441,480,854,29.0
0,0.0,RIGHT_FOOT_INDEX,-0.14837689697742462,0.849958598613739,0.015879563987255096,0.9943324327468872,480,854,29.0
1,0.034482758620689655,NOSE,0.002264616312459111,-0.614518940448761,-0.32754218578338623,0.9999983906745911,480,854,29.0
1,0.034482758620689655,LEFT_EYE_INNER,0.011183712631464005,-0.653717577457428,-0.31272971630096436,0.9999933242797852,480,854,29.0
1,0.034482758620689655,LEFT_EYE,0.0116262873634696,-0.654207706451416,-0.3120781481266022,0.999992847442627,480,854,29.0
1,0.034482758620689655,LEFT_EYE_OUTER,0.011595371179282665,-0.6546276211738586,-0.3120667338371277,0.9999926686286926,480,854,29.0
1,0.034482758620689655,RIGHT_EYE_INNER,-0.02175864204764366,-0.6489791870117188,-0.3119354844093323,0.999992847442627,480,854,29.0
1,0.034482758620689655,RIGHT_EYE,-0.021397745236754417,-0.6499712467193604,-0.31267955899238586,0.9999921917915344,480,854,29.0
1,0.034482758620689655,RIGHT_EYE_OUTER,-0.02141452766954899,-0.651271641254425,-0.31150874495506287,0.999991238117218,480,854,29.0
1,0.034482758620689655,LEFT_EAR,0.06513787806034088,-0.6497125029563904,-0.20271892845630646,0.9999878406524658,480,854,29.0
1,0.034482758620689655,RIGHT_EAR,-0.08522484451532364,-0.6409357190132141,-0.20932330191135406,0.9999839067459106,480,854,29.0
1,0.034482758620689655,MOUTH_LEFT,0.026089413091540337,-0.5932557582855225,-0.28744974732398987,0.9999971985816956,480,854,29.0
1,0.034482758620689655,MOUTH_RIGHT,-0.01782751828432083,-0.5888447761535645,-0.28798356652259827,0.9999963641166687,480,854,29.0
1,0.034482758620689655,LEFT_SHOULDER,0.16974835097789764,-0.4682302474975586,-0.11482072621583939,0.9999899864196777,480,854,29.0
1,0.034482758620689655,RIGHT_SHOULDER,-0.16585533320903778,-0.46949800848960876,-0.13413214683532715,0.9999853372573853,480,854,29.0
1,0.034482758620689655,LEFT_ELBOW,0.21722446382045746,-0.23507791757583618,-0.06736977398395538,0.9937154054641724,480,854,29.0
1,0.034482758620689655,RIGHT_ELBOW,-0.21956180036067963,-0.21874035894870758,-0.07662978768348694,0.9778521656990051,480,854,29.0
1,0.034482758620689655,LEFT_WRIST,0.28907620906829834,-0.009969986975193024,-0.14078156650066376,0.9874460697174072,480,854,29.0
1,0.034482758620689655,RIGHT_WRIST,-0.29793253540992737,0.006949715781956911,-0.15059669315814972,0.9669780731201172,480,854,29.0
1,0.034482758620689655,LEFT_PINKY,0.3084743618965149,0.07004477083683014,-0.15312393009662628,0.9681508541107178,480,854,29.0
1,0.034482758620689655,RIGHT_PINKY,-0.31491249799728394,0.0865219384431839,-0.1690378189086914,0.9393185377120972,480,854,29.0
1,0.034482758620689655,LEFT_INDEX,0.2970748543739319,0.07875850796699524,-0.19593413174152374,0.9716411828994751,480,854,29.0
1,0.034482758620689655,RIGHT_INDEX,-0.30756106972694397,0.0865246132016182,-0.20960783958435059,0.9454445838928223,480,854,29.0
1,0.034482758620689655,LEFT_THUMB,0.28374287486076355,0.009112712927162647,-0.1558016985654831,0.9667763113975525,480,854,29.0
1,0.034482758620689655,RIGHT_THUMB,-0.29013577103614807,0.025125503540039062,-0.16905167698860168,0.9378300309181213,480,854,29.0
1,0.034482758620689655,LEFT_HIP,0.11610320210456848,0.005396456923335791,0.008253520354628563,0.9998582601547241,480,854,29.0
1,0.034482758620689655,RIGHT_HIP,-0.11628053337335587,-0.006019196938723326,-0.0070595508441329,0.999853253364563,480,854,29.0
1,0.034482758620689655,LEFT_KNEE,0.11757245659828186,0.42008697986602783,-0.004849091172218323,0.9960952401161194,480,854,29.0
1,0.034482758620689655,RIGHT_KNEE,-0.1233479455113411,0.38934457302093506,0.0012602153001353145,0.9972892999649048,480,854,29.0
1,0.034482758620689655,LEFT_ANKLE,0.14202935993671417,0.770533561706543,0.11641863733530045,0.9959306120872498,480,854,29.0
1,0.034482758620689655,RIGHT_ANKLE,-0.11578746885061264,0.7428361177444458,0.12667928636074066,0.9967671036720276,480,854,29.0
1,0.034482758620689655,LEFT_HEEL,0.1502024531364441,0.8147381544113159,0.11706596612930298,0.9402390718460083,480,854,29.0
1,0.034482758620689655,RIGHT_HEEL,-0.11637227237224579,0.7882217168807983,0.12852388620376587,0.9243795871734619,480,854,29.0
1,0.034482758620689655,LEFT_FOOT_INDEX,0.21325917541980743,0.8714497089385986,-0.004400429781526327,0.9931454062461853,480,854,29.0
1,0.034482758620689655,RIGHT_FOOT_INDEX,-0.1510027050971985,0.8478482961654663,0.005575139075517654,0.9941602349281311,480,854,29.0
2,0.06896551724137931,NOSE,0.0014311925042420626,-0.6178968548774719,-0.32094624638557434,0.9999982118606567,480,854,29.0
2,0.06896551724137931,LEFT_EYE_INNER,0.009913635440170765,-0.6568636298179626,-0.3056539297103882,0.9999926686286926,480,854,29.0
2,0.06896551724137931,LEFT_EYE,0.01035372819751501,-0.6573725342750549,-0.30500611662864685,0.9999921321868896,480,854,29.0
2,0.06896551724137931,LEFT_EYE_OUTER,0.010306675918400288,-0.6577884554862976,-0.3049911856651306,0.9999919533729553,480,854,29.0
2,0.06896551724137931,RIGHT_EYE_INNER,-0.02294294536113739,-0.6518967151641846,-0.3049665093421936,0.9999922513961792,480,854,29.0
2,0.06896551724137931,RIGHT_EYE,-0.022586530074477196,-0.652897298336029,-0.3057094216346741,0.9999916553497314,480,854,29.0
2,0.06896551724137931,RIGHT_EYE_OUTER,-0.022606825456023216,-0.6542025804519653,-0.3045649826526642,0.999990701675415,480,854,29.0
2,0.06896551724137931,LEFT_EAR,0.0633297711610794,-0.6515455842018127,-0.19546063244342804,0.9999863505363464,480,854,29.0
2,0.06896551724137931,RIGHT_EAR,-0.08661138266324997,-0.6418185234069824,-0.20268778502941132,0.9999827146530151,480,854,29.0
2,0.06896551724137931,MOUTH_LEFT,0.025280237197875977,-0.5961494445800781,-0.28100886940956116,0.9999967813491821,480,854,29.0
2,0.06896551724137931,MOUTH_RIGHT,-0.018549835309386253,-0.5914626121520996,-0.28169623017311096,0.9999959468841553,480,854,29.0
2,0.06896551724137931,LEFT_SHOULDER,0.1682833731174469,-0.4686463177204132,-0.11030078679323196,0.999988853931427,480,854,29.0
2,0.06896551724137931,RIGHT_SHOULDER,-0.16727009415626526,-0.4693191945552826,-0.12913033366203308,0.9999845623970032,480,854,29.0
2,0.06896551724137931,LEFT_ELBOW,0.21677599847316742,-0.235082745552063,-0.06660407036542892,0.9935521483421326,480,854,29.0
2,0.06896551724137931,RIGHT_ELBOW,-0.22292912006378174,-0.2175605297088623,-0.07499074935913086,0.9783583879470825,480,854,29.0
2,0.06896551724137931,LEFT_WRIST,0.2890256643295288,-0.010847734287381172,-0.1408940702676773,0.9872418642044067,480,854,29.0
2,0.06896551724137931,RIGHT_WRIST,-0.2991437315940857,0.006102271843701601,-0.15001770853996277,0.9680296182632446,480,854,29.0
2,0.06896551724137931,LEFT_PINKY,0.30842459201812744,0.0689454972743988,-0.15342266857624054,0.9677326679229736,480,854,29.0
2,0.06896551724137931,RIGHT_PINKY,-0.31551140546798706,0.08507339656352997,-0.1685047745704651,0.9409454464912415,480,854,29.0
2,0.06896551724137931,LEFT_INDEX,0.2967100739479065,0.07700181752443314,-0.19601714611053467,0.9712372422218323,480,854,29.0
2,0.06896551724137931,RIGHT_INDEX,-0.3079736530780792,0.08366051316261292,-0.20838509500026703,0.9468698501586914,480,854,29.0
2,0.06896551724137931,LEFT_THUMB,0.28364020586013794,0.008155196905136108,-0.15591950714588165,0.9663834571838379,480,854,29.0
2,0.06896551724137931,RIGHT_THUMB,-0.29110562801361084,0.023659391328692436,-0.16822566092014313,0.9393736124038696,480,854,29.0
2,0.06896551724137931,LEFT_HIP,0.11610057204961777,0.005346646532416344,0.008197616785764694,0.999849259853363,480,854,29.0
2,0.06896551724137931,RIGHT_HIP,-0.11628090590238571,-0.005966364871710539,-0.006997152231633663,0.9998489022254944,480,854,29.0
2,0.06896551724137931,LEFT_KNEE,0.11750185489654541,0.41990429162979126,-0.004304863046854734,0.9961248636245728,480,854,29.0
2,0.06896551724137931,RIGHT_KNEE,-0.12349168956279755,0.38930636644363403,0.0008918506791815162,0.9973423480987549,480,854,29.0
2,0.06896551724137931,LEFT_ANKLE,0.14205104112625122,0.7706732153892517,0.11308624595403671,0.9958698749542236,480,854,29.0
2,0.06896551724137931,RIGHT_ANKLE,-0.11606978625059128,0.7428284883499146,0.12148236483335495,0.9967234134674072,480,854,29.0
2,0.06896551724137931,LEFT_HEEL,0.15020345151424408,0.8149632215499878,0.11302746832370758,0.9394205808639526,480,854,29.0
2,0.06896551724137931,RIGHT_HEEL,-0.11684837937355042,0.7882202863693237,0.12304767221212387,0.9234234094619751,480,854,29.0
2,0.06896551724137931,LEFT_FOOT_INDEX,0.21237683296203613,0.871436595916748,-0.009628182277083397,0.9929984211921692,480,854,29.0
2,0.06896551724137931,RIGHT_FOOT_INDEX,-0.15239128470420837,0.8467944264411926,0.00015188040561042726,0.9940287470817566,480,854,29.0
3,0.10344827586206896,NOSE,0.000720399955753237,-0.6193716526031494,-0.31775012612342834,0.9999980926513672,480,854,29.0
3,0.10344827586206896,LEFT_EYE_INNER,0.008915139362215996,-0.658282458782196,-0.3024017810821533,0.9999920725822449,480,854,29.0
3,0.10344827586206896,LEFT_EYE,0.009353081695735455,-0.6587984561920166,-0.3017547130584717,0.9999915361404419,480,854,29.0
3,0.10344827586206896,LEFT_EYE_OUTER,0.00929630920290947,-0.6592115163803101,-0.3017392158508301,0.9999912977218628,480,854,29.0
3,0.10344827586206896,RIGHT_EYE_INNER,-0.02387579344213009,-0.6532200574874878,-0.3017977774143219,0.9999917149543762,480,854,29.0
3,0.10344827586206896,RIGHT_EYE,-0.023522648960351944,-0.6542248129844666,-0.3025400638580322,0.9999911785125732,480,854,29.0
3,0.10344827586206896,RIGHT_EYE_OUTER,-0.023544905707240105,-0.6555294394493103,-0.30139803886413574,0.9999902248382568,480,854,29.0
3,0.10344827586206896,LEFT_EAR,0.06189452111721039,-0.6526023745536804,-0.19211345911026,0.9999850392341614,480,854,29.0
3,0.10344827586206896,RIGHT_EAR,-0.08777701109647751,-0.6423378586769104,-0.19972802698612213,0.999981701374054,480,854,29.0
3,0.10344827586206896,MOUTH_LEFT,0.0245396438986063,-0.5975342988967896,-0.2777852714061737,0.9999964237213135,480,854,29.0
3,0.10344827586206896,MOUTH_RIGHT,-0.019223904237151146,-0.5927174687385559,-0.2785906493663788,0.9999955892562866,480,854,29.0
3,0.10344827586206896,LEFT_SHOULDER,0.16694024205207825,-0.4691227972507477,-0.10777628421783447,0.9999878406524658,480,854,29.0
3,0.10344827586206896,RIGHT_SHOULDER,-0.16853563487529755,-0.469149649143219,-0.1265242099761963,0.9999839067459106,480,854,29.0
3,0.10344827586206896,LEFT_ELBOW,0.21643969416618347,-0.23519329726696014,-0.06607066094875336,0.9933865070343018,480,854,29.0
3,0.10344827586206896,RIGHT_ELBOW,-0.2251170128583908,-0.21663224697113037,-0.07408742606639862,0.9787933230400085,480,854,29.0
3,0.10344827586206896,LEFT_WRIST,0.2890203893184662,-0.011953628621995449,-0.14095164835453033,0.9870174527168274,480,854,29.0
3,0.10344827586206896,RIGHT_WRIST,-0.3000139594078064,0.005594778340309858,-0.149653822183609,0.968953549861908,480,854,29.0
3,0.10344827586206896,LEFT_PINKY,0.30843067169189453,0.06757382303476334,-0.15357904136180878,0.9672755002975464,480,854,29.0
3,0.10344827586206896,RIGHT_PINKY,-0.3159395158290863,0.08418930321931839,-0.168138325214386,0.9423783421516418,480,854,29.0
3,0.10344827586206896,LEFT_INDEX,0.2965986132621765,0.07519862800836563,-0.1960519403219223,0.97079998254776,480,854,29.0
3,0.10344827586206896,RIGHT_INDEX,-0.3082840144634247,0.08205151557922363,-0.2075713723897934,0.948123037815094,480,854,29.0
3,0.10344827586206896,LEFT_THUMB,0.2836202085018158,0.0069890390150249004,-0.15598119795322418,0.965959370136261,480,854,29.0
3,0.10344827586206896,RIGHT_THUMB,-0.2918206751346588,0.022789550945162773,-0.16769464313983917,0.9407298564910889,480,854,29.0
3,0.10344827586206896,LEFT_HIP,0.11609520018100739,0.005283094011247158,0.008140427060425282,0.9998412132263184,480,854,29.0
3,0.10344827586206896,RIGHT_HIP,-0.11627931147813797,-0.005898855160921812,-0.006935444660484791,0.999845027923584,480,854,29.0
3,0.10344827586206896,LEFT_KNEE,0.11743734776973724,0.41970622539520264,-0.003903882810845971,0.9961566925048828,480,854,29.0
3,0.10344827586206896,RIGHT_KNEE,-0.12360277026891708,0.38927608728408813,0.0006817345274612308,0.997393012046814,480,854,29.0
3,0.10344827586206896,LEFT_ANKLE,0.14207515120506287,0.7706817984580994,0.11144964396953583,0.9958194494247437,480,854,29.0
3,0.10344827586206896,RIGHT_ANKLE,-0.11628852784633636,0.7427985072135925,0.11915170401334763,0.9966895580291748,480,854,29.0
3,0.10344827586206896,LEFT_HEEL,0.1502077579498291,0.8149911165237427,0.11113274842500687,0.9387181401252747,480,854,29.0
3,0.10344827586206896,RIGHT_HEEL,-0.11721593141555786,0.7882001399993896,0.12064077705144882,0.9226759672164917,480,854,29.0
3,0.10344827586206896,LEFT_FOOT_INDEX,0.21182267367839813,0.8713204264640808,-0.01175485085695982,0.9928733110427856,480,854,29.0
3,0.10344827586206896,RIGHT_FOOT_INDEX,-0.15341034531593323,0.8459651470184326,-0.0020437936764210463,0.9939189553260803,480,854,29.0
4,0.13793103448275862,NOSE,-2.6560455808066763e-05,-0.6203876733779907,-0.3144242763519287,0.9999979734420776,480,854,29.0
4,0.13793103448275862,LEFT_EYE_INNER,0.007952242158353329,-0.6592897772789001,-0.2990128695964813,0.9999914765357971,480,854,29.0
4,0.13793103448275862,LEFT_EYE,0.00838798563927412,-0.6598105430603027,-0.2983638346195221,0.9999909400939941,480,854,29.0
4,0.13793103448275862,LEFT_EYE_OUTER,0.008324096910655499,-0.6602208018302917,-0.29834693670272827,0.9999906420707703,480,854,29.0
4,0.13793103448275862,RIGHT_EYE_INNER,-0.024801593273878098,-0.6541938185691833,-0.29852578043937683,0.999991238117218,480,854,29.0
4,0.13793103448275862,RIGHT_EYE,-0.024450726807117462,-0.6552016139030457,-0.29925888776779175,0.999990701675415,480,854,29.0
4,0.13793103448275862,RIGHT_EYE_OUTER,-0.024475758895277977,-0.6565056443214417,-0.29811790585517883,0.9999897480010986,480,854,29.0
4,0.13793103448275862,LEFT_EAR,0.06046389788389206,-0.6534920334815979,-0.1884642094373703,0.9999837279319763,480,854,29.0
4,0.13793103448275862,RIGHT_EAR,-0.08910217136144638,-0.6428984999656677,-0.19675545394420624,0.999980628490448,480,854,29.0
4,0.13793103448275862,MOUTH_LEFT,0.02369002066552639,-0.5985289812088013,-0.2743246853351593,0.9999960064888,480,854,29.0
4,0.13793103448275862,MOUTH_RIGHT,-0.020039822906255722,-0.5936673879623413,-0.2753308415412903,0.999995231628418,480,854,29.0
4,0.13793103448275862,LEFT_SHOULDER,0.16545230150222778,-0.46981093287467957,-0.10483147203922272,0.9999868869781494,480,854,29.0
4,0.13793103448275862,RIGHT_SHOULDER,-0.16982688009738922,-0.46910569071769714,-0.12359299510717392,0.9999832510948181,480,854,29.0
4,0.13793103448275862,LEFT_ELBOW,0.21554741263389587,-0.2354152947664261,-0.0650525838136673,0.993201494216919,480,854,29.0
4,0.13793103448275862,RIGHT_ELBOW,-0.22599373757839203,-0.21598771214485168,-0.07254309952259064,0.9790568947792053,480,854,29.0
4,0.13793103448275862,LEFT_WRIST,0.2886686623096466,-0.0130130834877491,-0.1409185379743576,0.9868005514144897,480,854,29.0
4,0.13793103448275862,RIGHT_WRIST,-0.30069127678871155,0.005241560749709606,-0.148865208029747,0.9696738123893738,480,854,29.0
4,0.13793103448275862,LEFT_PINKY,0.30812448263168335,0.0665496438741684,-0.15357406437397003,0.9668484926223755,480,854,29.0
4,0.13793103448275862,RIGHT_PINKY,-0.3164463937282562,0.0837043821811676,-0.16736017167568207,0.943528950214386,480,854,29.0
4,0.13793103448275862,LEFT_INDEX,0.2959151566028595,0.07395295053720474,-0.19601145386695862,0.970391571521759,480,854,29.0
4,0.13793103448275862,RIGHT_INDEX,-0.30870574712753296,0.08130255341529846,-0.2064109444618225,0.9491269588470459,480,854,29.0
4,0.13793103448275862,LEFT_THUMB,0.2831839621067047,0.005924099590629339,-0.1559581756591797,0.96555095911026,480,854,29.0
4,0.13793103448275862,RIGHT_THUMB,-0.2924182713031769,0.022262852638959885,-0.16674599051475525,0.9418129920959473,480,854,29.0
4,0.13793103448275862,LEFT_HIP,0.11608365178108215,0.00522612826898694,0.008099491707980633,0.9998340606689453,480,854,29.0
4,0.13793103448275862,RIGHT_HIP,-0.11627144366502762,-0.005838501732796431,-0.006890136282891035,0.9998418092727661,480,854,29.0
4,0.13793103448275862,LEFT_KNEE,0.11732898652553558,0.4195767045021057,-0.0032891954760998487,0.9961791634559631,480,854,29.0
4,0.13793103448275862,RIGHT_KNEE,-0.12389630079269409,0.3892193138599396,0.0005230340175330639,0.9974387884140015,480,854,29.0
4,0.13793103448275862,LEFT_ANKLE,0.1420779973268509,0.7707112431526184,0.10971453040838242,0.9957738518714905,480,854,29.0
4,0.13793103448275862,RIGHT_ANKLE,-0.11696889251470566,0.7427944540977478,0.11715719848871231,0.9966697692871094,480,854,29.0
4,0.13793103448275862,LEFT_HEEL,0.1502060443162918,0.8150450587272644,0.10912995785474777,0.9384081959724426,480,854,29.0
4,0.13793103448275862,RIGHT_HEEL,-0.11813823133707047,0.7882016897201538,0.11849343031644821,0.9222254753112793,480,854,29.0
4,0.13793103448275862,LEFT_FOOT_INDEX,0.21178977191448212,0.8710698485374451,-0.01347047183662653,0.9927698969841003,480,854,29.0
4,0.13793103448275862,RIGHT_FOOT_INDEX,-0.15539470314979553,0.8454124927520752,-0.0038987051229923964,0.9938342571258545,480,854,29.0
5,0.1724137931034483,NOSE,-0.0001367822551401332,-0.6205164790153503,-0.31354302167892456,0.9999978542327881,480,854,29.0
5,0.1724137931034483,LEFT_EYE_INNER,0.0077368770726025105,-0.6594666838645935,-0.29826658964157104,0.9999909996986389,480,854,29.0
5,0.1724137931034483,LEFT_EYE,0.008171259425580502,-0.6599880456924438,-0.29761871695518494,0.9999904632568359,480,854,29.0
5,0.1724137931034483,LEFT_EYE_OUTER,0.008105412125587463,-0.6603984832763672,-0.2976016104221344,0.9999901056289673,480,854,29.0
5,0.1724137931034483,RIGHT_EYE_INNER,-0.025005582720041275,-0.6543363332748413,-0.297855019569397,0.9999908208847046,480,854,29.0
5,0.1724137931034483,RIGHT_EYE,-0.024655193090438843,-0.6553441882133484,-0.29858651757240295,0.9999902844429016,480,854,29.0
5,0.1724137931034483,RIGHT_EYE_OUTER,-0.02468102052807808,-0.6566480994224548,-0.29743948578834534,0.9999893307685852,480,854,29.0
5,0.1724137931034483,LEFT_EAR,0.059986453503370285,-0.6538878679275513,-0.18756622076034546,0.9999827742576599,480,854,29.0
5,0.1724137931034483,RIGHT_EAR,-0.08953827619552612,-0.6430245637893677,-0.1961549073457718,0.9999797940254211,480,854,29.0
5,0.1724137931034483,MOUTH_LEFT,0.023544836789369583,-0.5987716913223267,-0.27327683568000793,0.9999957084655762,480,854,29.0
5,0.1724137931034483,MOUTH_RIGHT,-0.020175080746412277,-0.59385746717453,-0.27437883615493774,0.9999949336051941,480,854,29.0
5,0.1724137931034483,LEFT_SHOULDER,0.16496942937374115,-0.47036877274513245,-0.1034741923213005,0.9999862313270569,480,854,29.0
5,0.1724137931034483,RIGHT_SHOULDER,-0.1702270209789276,-0.4690031409263611,-0.12250135838985443,0.9999826550483704,480,854,29.0
5,0.1724137931034483,LEFT_ELBOW,0.21523237228393555,-0.23561608791351318,-0.06399950385093689,0.993061900138855,480,854,29.0
5,0.1724137931034483,RIGHT_ELBOW,-0.2261129468679428,-0.21539141237735748,-0.07160753756761551,0.9793004989624023,480,854,29.0
5,0.1724137931034483,LEFT_WRIST,0.28857243061065674,-0.013712901622056961,-0.14065514504909515,0.9866533279418945,480,854,29.0
5,0.1724137931034483,RIGHT_WRIST,-0.3007722795009613,0.005133770406246185,-0.14820988476276398,0.9703020453453064,480,854,29.0
5,0.1724137931034483,LEFT_PINKY,0.3080519437789917,0.06587795168161392,-0.1533820629119873,0.9665593504905701,480,854,29.0
5,0.1724137931034483,RIGHT_PINKY,-0.3164667785167694,0.08354082703590393,-0.1667214334011078,0.94451904296875,480,854,29.0
5,0.1724137931034483,LEFT_INDEX,0.2956872284412384,0.07317844033241272,-0.19572389125823975,0.9701170921325684,480,854,29.0
5,0.1724137931034483,RIGHT_INDEX,-0.3087150454521179,0.0810529813170433,-0.20556193590164185,0.9499932527542114,480,854,29.0
5,0.1724137931034483,LEFT_THUMB,0.283054918050766,0.005226451437920332,-0.1557132750749588,0.965281069278717,480,854,29.0
5,0.1724137931034483,RIGHT_THUMB,-0.2924789786338806,0.02207893878221512,-0.16599592566490173,0.9427419900894165,480,854,29.0
5,0.1724137931034483,LEFT_HIP,0.11607085913419724,0.005174978170543909,0.008060249499976635,0.9998283982276917,480,854,29.0
5,0.1724137931034483,RIGHT_HIP,-0.11626268178224564,-0.005784881766885519,-0.006848130375146866,0.9998388886451721,480,854,29.0
5,0.1724137931034483,LEFT_KNEE,0.11728550493717194,0.41949012875556946,-0.002851267112419009,0.9961897730827332,480,854,29.0
5,0.1724137931034483,RIGHT_KNEE,-0.12391073256731033,0.38920751214027405,0.0003952670085709542,0.9974710941314697,480,854,29.0
5,0.1724137931034483,LEFT_ANKLE,0.1421375423669815,0.7709081768989563,0.10837068408727646,0.9957267642021179,480,854,29.0
5,0.1724137931034483,RIGHT_ANKLE,-0.11701887845993042,0.7428604960441589,0.11617770791053772,0.9966357350349426,480,854,29.0
5,0.1724137931034483,LEFT_HEEL,0.1502493917942047,0.8152953386306763,0.10761985182762146,0.937995970249176,480,854,29.0
5,0.1724137931034483,RIGHT_HEEL,-0.1182359829545021,0.7882913947105408,0.11747822910547256,0.9216125011444092,480,854,29.0
5,0.1724137931034483,LEFT_FOOT_INDEX,0.21176162362098694,0.8710298538208008,-0.01487003918737173,0.9926620125770569,480,854,29.0
5,0.1724137931034483,RIGHT_FOOT_INDEX,-0.15570157766342163,0.845220685005188,-0.004782407078891993,0.9937304258346558,480,854,29.0
6,0.20689655172413793,NOSE,-0.0003264699480496347,-0.6204202175140381,-0.31373775005340576,0.9999977350234985,480,854,29.0
6,0.20689655172413793,LEFT_EYE_INNER,0.007453459315001965,-0.6593990921974182,-0.2986113131046295,0.9999904632568359,480,854,29.0
6,0.20689655172413793,LEFT_EYE,0.007886869832873344,-0.6599190831184387,-0.2979649007320404,0.999989926815033,480,854,29.0
6,0.20689655172413793,LEFT_EYE_OUTER,0.007819507271051407,-0.6603299379348755,-0.29794859886169434,0.9999895691871643,480,854,29.0
6,0.20689655172413793,RIGHT_EYE_INNER,-0.025265559554100037,-0.6542632579803467,-0.29818814992904663,0.9999903440475464,480,854,29.0
6,0.20689655172413793,RIGHT_EYE,-0.02491581067442894,-0.6552699208259583,-0.2989211082458496,0.9999898076057434,480,854,29.0
6,0.20689655172413793,RIGHT_EYE_OUTER,-0.024941621348261833,-0.6565734148025513,-0.29776743054389954,0.999988853931427,480,854,29.0
6,0.20689655172413793,LEFT_EAR,0.05957144871354103,-0.6539831757545471,-0.18801024556159973,0.999981701374054,480,854,29.0
6,0.20689655172413793,RIGHT_EAR,-0.08986227214336395,-0.6430319547653198,-0.19644910097122192,0.99997878074646,480,854,29.0
6,0.20689655172413793,MOUTH_LEFT,0.023348143324255943,-0.5987643003463745,-0.2734377682209015,0.9999954104423523,480,854,29.0
6,0.20689655172413793,MOUTH_RIGHT,-0.020345663651823997,-0.5938347578048706,-0.27451008558273315,0.9999945759773254,480,854,29.0
6,0.20689655172413793,LEFT_SHOULDER,0.16452446579933167,-0.4705725610256195,-0.10345462709665298,0.9999856352806091,480,854,29.0
6,0.20689655172413793,RIGHT_SHOULDER,-0.17046605050563812,-0.46876996755599976,-0.12235938012599945,0.9999819993972778,480,854,29.0
6,0.20689655172413793,LEFT_ELBOW,0.21490710973739624,-0.23571185767650604,-0.06380922347307205,0.9929267168045044,480,854,29.0
6,0.20689655172413793,RIGHT_ELBOW,-0.22607146203517914,-0.2145891785621643,-0.07122340053319931,0.9794233441352844,480,854,29.0
6,0.20689655172413793,LEFT_WRIST,0.2885185778141022,-0.014153361320495605,-0.14062967896461487,0.9864743947982788,480,854,29.0
6,0.20689655172413793,RIGHT_WRIST,-0.3007642328739166,0.005255633499473333,-0.14762675762176514,0.9707357883453369,480,854,29.0
6,0.20689655172413793,LEFT_PINKY,0.3080390989780426,0.06537549942731857,-0.15337131917476654,0.966210663318634,480,854,29.0
6,0.20689655172413793,RIGHT_PINKY,-0.31641653180122375,0.08366049081087112,-0.16597844660282135,0.9451833963394165,480,854,29.0
6,0.20689655172413793,LEFT_INDEX,0.29559510946273804,0.07266692072153091,-0.19567641615867615,0.9697850942611694,480,854,29.0
6,0.20689655172413793,RIGHT_INDEX,-0.30866333842277527,0.08113082498311996,-0.20467475056648254,0.9505593180656433,480,854,29.0
6,0.20689655172413793,LEFT_THUMB,0.28299281001091003,0.004790160339325666,-0.15568777918815613,0.9649549722671509,480,854,29.0
6,0.20689655172413793,RIGHT_THUMB,-0.29247215390205383,0.022163772955536842,-0.16533029079437256,0.9433526992797852,480,854,29.0
6,0.20689655172413793,LEFT_HIP,0.11605997383594513,0.005120066925883293,0.007979421876370907,0.9998232126235962,480,854,29.0
6,0.20689655172413793,RIGHT_HIP,-0.11625584214925766,-0.0057276105508208275,-0.006764092016965151,0.9998356103897095,480,854,29.0
6,0.20689655172413793,LEFT_KNEE,0.11728697270154953,0.41936057806015015,-0.0028287223540246487,0.9961897730827332,480,854,29.0
6,0.20689655172413793,RIGHT_KNEE,-0.12392184138298035,0.38920101523399353,0.00037990949931554496,0.9974848031997681,480,854,29.0
6,0.20689655172413793,LEFT_ANKLE,0.14237703382968903,0.7709702849388123,0.10698692500591278,0.995661735534668,480,854,29.0
6,0.20689655172413793,RIGHT_ANKLE,-0.11702673882246017,0.742885172367096,0.11597837507724762,0.9965737462043762,480,854,29.0
6,0.20689655172413793,LEFT_HEEL,0.15043555200099945,0.8153843283653259,0.1061728373169899,0.9369658827781677,480,854,29.0
6,0.20689655172413793,RIGHT_HEEL,-0.11825478821992874,0.7883260846138,0.11729074269533157,0.920629620552063,480,854,29.0
6,0.20689655172413793,LEFT_FOOT_INDEX,0.2115992158651352,0.8710213899612427,-0.016582155600190163,0.9925185441970825,480,854,29.0
6,0.20689655172413793,RIGHT_FOOT_INDEX,-0.15586340427398682,0.844956636428833,-0.004962841514497995,0.99359130859375,480,854,29.0
7,0.2413793103448276,NOSE,-0.00040297891246154904,-0.620288610458374,-0.31428155303001404,0.999997615814209,480,854,29.0
7,0.2413793103448276,LEFT_EYE_INNER,0.0072958278469741344,-0.6592872738838196,-0.29928821325302124,0.9999900460243225,480,854,29.0
7,0.2413793103448276,LEFT_EYE,0.007728249300271273,-0.659805178642273,-0.29864001274108887,0.9999895095825195,480,854,29.0
7,0.2413793103448276,LEFT_EYE_OUTER,0.007660663221031427,-0.660216212272644,-0.29862406849861145,0.9999891519546509,480,854,29.0
7,0.2413793103448276,RIGHT_EYE_INNER,-0.025411022827029228,-0.6541863679885864,-0.29884225130081177,0.9999899864196777,480,854,29.0
7,0.2413793103448276,RIGHT_EYE,-0.025061510503292084,-0.6551923751831055,-0.2995748519897461,0.9999894499778748,480,854,29.0
7,0.2413793103448276,RIGHT_EYE_OUTER,-0.025087257847189903,-0.6564957499504089,-0.298417329788208,0.9999884366989136,480,854,29.0
7,0.2413793103448276,LEFT_EAR,0.059328287839889526,-0.6539688110351562,-0.18872837722301483,0.9999808669090271,480,854,29.0
7,0.2413793103448276,RIGHT_EAR,-0.0900619775056839,-0.6429286599159241,-0.19703635573387146,0.9999780058860779,480,854,29.0
7,0.2413793103448276,MOUTH_LEFT,0.023276738822460175,-0.5986708998680115,-0.27392837405204773,0.9999951124191284,480,854,29.0
7,0.2413793103448276,MOUTH_RIGHT,-0.02040722966194153,-0.5937731862068176,-0.2749728858470917,0.9999942779541016,480,854,29.0
7,0.2413793103448276,LEFT_SHOULDER,0.16430510580539703,-0.4706358313560486,-0.10360288619995117,0.9999851584434509,480,854,29.0
7,0.2413793103448276,RIGHT_SHOULDER,-0.1705419272184372,-0.4684419631958008,-0.12256468832492828,0.9999814629554749,480,854,29.0
7,0.2413793103448276,LEFT_ELBOW,0.21445275843143463,-0.23570872843265533,-0.06368490308523178,0.9927802681922913,480,854,29.0
7,0.2413793103448276,RIGHT_ELBOW,-0.22609001398086548,-0.2139476090669632,-0.07112684845924377,0.9795756936073303,480,854,29.0
7,0.2413793103448276,LEFT_WRIST,0.2883498966693878,-0.01430749986320734,-0.1405935287475586,0.9863002300262451,480,854,29.0
7,0.2413793103448276,RIGHT_WRIST,-0.30078017711639404,0.005463138222694397,-0.1473902314901352,0.9710978865623474,480,854,29.0
7,0.2413793103448276,LEFT_PINKY,0.307931125164032,0.0651843398809433,-0.15335366129875183,0.965872049331665,480,854,29.0
7,0.2413793103448276,RIGHT_PINKY,-0.3164081275463104,0.08387456089258194,-0.16567809879779816,0.9457265734672546,480,854,29.0
7,0.2413793103448276,LEFT_INDEX,0.2953965365886688,0.07245355099439621,-0.19561196863651276,0.9694686532020569,480,854,29.0
7,0.2413793103448276,RIGHT_INDEX,-0.3086528778076172,0.08125050365924835,-0.204290971159935,0.9510176181793213,480,854,29.0
7,0.2413793103448276,LEFT_THUMB,0.2828238010406494,0.004621581174433231,-0.15564988553524017,0.9646385908126831,480,854,29.0
7,0.2413793103448276,RIGHT_THUMB,-0.292481929063797,0.02233826369047165,-0.16505484282970428,0.943852961063385,480,854,29.0
7,0.2413793103448276,LEFT_HIP,0.11604837328195572,0.00509441364556551,0.00795011781156063,0.9998191595077515,480,854,29.0
7,0.2413793103448276,RIGHT_HIP,-0.11624792218208313,-0.005700482055544853,-0.006733105983585119,0.9998327493667603,480,854,29.0
7,0.2413793103448276,LEFT_KNEE,0.11727166175842285,0.4192339777946472,-0.0026590751949697733,0.9961832761764526,480,854,29.0
7,0.2413793103448276,RIGHT_KNEE,-0.12394867092370987,0.3891505300998688,0.0003471275558695197,0.9974995255470276,480,854,29.0
7,0.2413793103448276,LEFT_ANKLE,0.14238490164279938,0.7711675763130188,0.10603970289230347,0.9956081509590149,480,854,29.0
7,0.2413793103448276,RIGHT_ANKLE,-0.11716426908969879,0.7428432106971741,0.1157710924744606,0.9965096712112427,480,854,29.0
7,0.2413793103448276,LEFT_HEEL,0.1504344344139099,0.8156260251998901,0.10515239089727402,0.9362356662750244,480,854,29.0
7,0.2413793103448276,RIGHT_HEEL,-0.11843371391296387,0.7882878184318542,0.11710117757320404,0.9194304943084717,480,854,29.0
7,0.2413793103448276,LEFT_FOOT_INDEX,0.21123364567756653,0.8710206151008606,-0.017767727375030518,0.9923913478851318,480,854,29.0
7,0.2413793103448276,RIGHT_FOOT_INDEX,-0.15591605007648468,0.8446497917175293,-0.0052683535031974316,0.9934470057487488,480,854,29.0
8,0.27586206896551724,NOSE,-0.00040707646985538304,-0.6201795339584351,-0.3147449195384979,0.9999975562095642,480,854,29.0
8,0.27586206896551724,LEFT_EYE_INNER,0.007258881349116564,-0.6591954827308655,-0.29986128211021423,0.9999896883964539,480,854,29.0
8,0.27586206896551724,LEFT_EYE,0.007690728642046452,-0.659712016582489,-0.29921257495880127,0.9999892115592957,480,854,29.0
8,0.27586206896551724,LEFT_EYE_OUTER,0.007623336277902126,-0.6601230502128601,-0.2991962432861328,0.9999887943267822,480,854,29.0
8,0.27586206896551724,RIGHT_EYE_INNER,-0.02543829195201397,-0.6541283130645752,-0.2993740141391754,0.9999896287918091,480,854,29.0
8,0.27586206896551724,RIGHT_EYE,-0.025088666006922722,-0.6551350951194763,-0.30010583996772766,0.9999890923500061,480,854,29.0
8,0.27586206896551724,RIGHT_EYE_OUTER,-0.0251146350055933,-0.6564382314682007,-0.29894623160362244,0.9999880790710449,480,854,29.0
8,0.27586206896551724,LEFT_EAR,0.05931692570447922,-0.6539520621299744,-0.18940171599388123,0.9999802708625793,480,854,29.0
8,0.27586206896551724,RIGHT_EAR,-0.09005066752433777,-0.6427315473556519,-0.19749018549919128,0.999977171421051,480,854,29.0
8,0.27586206896551724,MOUTH_LEFT,0.023284317925572395,-0.5985924601554871,-0.2743850648403168,0.9999949336051941,480,854,29.0
8,0.27586206896551724,MOUTH_RIGHT,-0.020389597862958908,-0.5937286615371704,-0.275369256734848,0.9999940395355225,480,854,29.0
8,0.27586206896551724,LEFT_SHOULDER,0.16433198750019073,-0.4706559181213379,-0.10386305302381516,0.9999849200248718,480,854,29.0
8,0.27586206896551724,RIGHT_SHOULDER,-0.17046892642974854,-0.46819502115249634,-0.12277008593082428,0.9999809265136719,480,854,29.0
8,0.27586206896551724,LEFT_ELBOW,0.21430279314517975,-0.23564715683460236,-0.06368628889322281,0.9926984906196594,480,854,29.0
8,0.27586206896551724,RIGHT_ELBOW,-0.22598350048065186,-0.21374362707138062,-0.07097020745277405,0.9796578884124756,480,854,29.0
8,0.27586206896551724,LEFT_WRIST,0.2882731556892395,-0.014350526034832,-0.1405915468931198,0.9862319827079773,480,854,29.0
8,0.27586206896551724,RIGHT_WRIST,-0.3007185161113739,0.00556434178724885,-0.14680859446525574,0.9713187217712402,480,854,29.0
8,0.27586206896551724,LEFT_PINKY,0.3078767657279968,0.06510395556688309,-0.15336301922798157,0.9657531380653381,480,854,29.0
8,0.27586206896551724,RIGHT_PINKY,-0.31631848216056824,0.08400958776473999,-0.16498006880283356,0.9460375308990479,480,854,29.0
8,0.27586206896551724,LEFT_INDEX,0.2953106760978699,0.07237070053815842,-0.19560326635837555,0.9693554043769836,480,854,29.0
8,0.27586206896551724,RIGHT_INDEX,-0.3085719645023346,0.08139710873365402,-0.20359085500240326,0.9512745141983032,480,854,29.0
8,0.27586206896551724,LEFT_THUMB,0.2827566862106323,0.004568652715533972,-0.15564608573913574,0.9645321369171143,480,854,29.0
8,0.27586206896551724,RIGHT_THUMB,-0.29241806268692017,0.022451268509030342,-0.16446487605571747,0.9441394209861755,480,854,29.0
8,0.27586206896551724,LEFT_HIP,0.11603633314371109,0.005082516465336084,0.007906991057097912,0.9998162388801575,480,854,29.0
8,0.27586206896551724,RIGHT_HIP,-0.11623960733413696,-0.005687766708433628,-0.006688504945486784,0.9998303651809692,480,854,29.0
8,0.27586206896551724,LEFT_KNEE,0.11726322025060654,0.4191444218158722,-0.002657921751961112,0.9961811900138855,480,854,29.0
8,0.27586206896551724,RIGHT_KNEE,-0.12390724569559097,0.38912639021873474,0.00026186354807578027,0.9975141882896423,480,854,29.0
8,0.27586206896551724,LEFT_ANKLE,0.14239098131656647,0.7713590264320374,0.10560398548841476,0.995573103427887,480,854,29.0
8,0.27586206896551724,RIGHT_ANKLE,-0.11716965585947037,0.7428429126739502,0.11574127525091171,0.9964605569839478,480,854,29.0
8,0.27586206896551724,LEFT_HEEL,0.1504281908273697,0.8158518075942993,0.10477256774902344,0.9356182813644409,480,854,29.0
8,0.27586206896551724,RIGHT_HEEL,-0.11843845993280411,0.7882898449897766,0.11712241917848587,0.9184088706970215,480,854,29.0
8,0.27586206896551724,LEFT_FOOT_INDEX,0.21062001585960388,0.8710911273956299,-0.018148718401789665,0.9923002123832703,480,854,29.0
8,0.27586206896551724,RIGHT_FOOT_INDEX,-0.15577815473079681,0.8446038365364075,-0.005275778938084841,0.9933378100395203,480,854,29.0
9,0.3103448275862069,NOSE,-0.0004870616539847106,-0.6201024055480957,-0.3143097460269928,0.9999974966049194,480,854,29.0
9,0.3103448275862069,LEFT_EYE_INNER,0.007134028244763613,-0.6591310501098633,-0.2995550334453583,0.9999894499778748,480,854,29.0
9,0.3103448275862069,LEFT_EYE,0.007564429193735123,-0.6596472263336182,-0.29890692234039307,0.9999889731407166,480,854,29.0
9,0.3103448275862069,LEFT_EYE_OUTER,0.007497888524085283,-0.6600579619407654,-0.2988894283771515,0.9999885559082031,480,854,29.0
9,0.3103448275862069,RIGHT_EYE_INNER,-0.02554517798125744,-0.6540399789810181,-0.29894301295280457,0.9999893307685852,480,854,29.0
9,0.3103448275862069,RIGHT_EYE,-0.025195635855197906,-0.6550477743148804,-0.29967162013053894,0.9999887943267822,480,854,29.0
9,0.3103448275862069,RIGHT_EYE_OUTER,-0.0252221692353487,-0.6563494205474854,-0.2985183894634247,0.999987781047821,480,854,29.0
9,0.3103448275862069,LEFT_EAR,0.059295736253261566,-0.653934895992279,-0.1893690675497055,0.9999798536300659,480,854,29.0
9,0.3103448275862069,RIGHT_EAR,-0.09004419296979904,-0.642555296421051,-0.19686059653759003,0.9999764561653137,480,854,29.0
9,0.3103448275862069,MOUTH_LEFT,0.023256709799170494,-0.5985339283943176,-0.274027943611145,0.9999948143959045,480,854,29.0
9,0.3103448275862069,MOUTH_RIGHT,-0.020404959097504616,-0.5936535000801086,-0.27483993768692017,0.9999938607215881,480,854,29.0
9,0.3103448275862069,LEFT_SHOULDER,0.16435372829437256,-0.4706672728061676,-0.10387980937957764,0.9999848008155823,480,854,29.0
9,0.3103448275862069,RIGHT_SHOULDER,-0.17038428783416748,-0.4680795669555664,-0.12213405221700668,0.9999805092811584,480,854,29.0
9,0.3103448275862069,LEFT_ELBOW,0.21424099802970886,-0.23558764159679413,-0.06364867091178894,0.9926513433456421,480,854,29.0
9,0.3103448275862069,RIGHT_ELBOW,-0.22590498626232147,-0.21369054913520813,-0.07011670619249344,0.9796879887580872,480,854,29.0
9,0.3103448275862069,LEFT_WRIST,0.2881321310997009,-0.014398578554391861,-0.1405687779188156,0.9862031936645508,480,854,29.0
9,0.3103448275862069,RIGHT_WRIST,-0.30058228969573975,0.005654928740113974,-0.1456330120563507,0.9714415073394775,480,854,29.0
9,0.3103448275862069,LEFT_PINKY,0.30772870779037476,0.06499543786048889,-0.15336498618125916,0.9657190442085266,480,854,29.0
9,0.3103448275862069,RIGHT_PINKY,-0.31616583466529846,0.08415087312459946,-0.16374126076698303,0.9462020397186279,480,854,29.0
9,0.3103448275862069,LEFT_INDEX,0.29505547881126404,0.07223129272460938,-0.19557969272136688,0.9693161249160767,480,854,29.0
9,0.3103448275862069,RIGHT_INDEX,-0.3083736002445221,0.08160355687141418,-0.20237036049365997,0.9513970613479614,480,854,29.0
9,0.3103448275862069,LEFT_THUMB,0.28260111808776855,0.0045022424310445786,-0.15561603009700775,0.9645006656646729,480,854,29.0
9,0.3103448275862069,RIGHT_THUMB,-0.29225650429725647,0.022577036172151566,-0.16329146921634674,0.9442884922027588,480,854,29.0
9,0.3103448275862069,LEFT_HIP,0.11602532863616943,0.00507180392742157,0.007848262786865234,0.9998145699501038,480,854,29.0
9,0.3103448275862069,RIGHT_HIP,-0.1162320002913475,-0.005676663480699062,-0.006628779694437981,0.9998285174369812,480,854,29.0
9,0.3103448275862069,LEFT_KNEE,0.11725568771362305,0.41899093985557556,-0.002789652906358242,0.9961766004562378,480,854,29.0
9,0.3103448275862069,RIGHT_KNEE,-0.12386953085660934,0.3890719413757324,0.00016904542280826718,0.9975225925445557,480,854,29.0
9,0.3103448275862069,LEFT_ANKLE,0.14241808652877808,0.7713739275932312,0.1055777445435524,0.9955253005027771,480,854,29.0
9,0.3103448275862069,RIGHT_ANKLE,-0.11714547127485275,0.7427572011947632,0.11590678244829178,0.9964013695716858,480,854,29.0
9,0.3103448275862069,LEFT_HEEL,0.1504349559545517,0.8158679604530334,0.10483909398317337,0.934805691242218,480,854,29.0
9,0.3103448275862069,RIGHT_HEEL,-0.11841032654047012,0.7882018089294434,0.11732789874076843,0.9172540903091431,480,854,29.0
9,0.3103448275862069,LEFT_FOOT_INDEX,0.21005883812904358,0.8710790276527405,-0.018087852746248245,0.9921838045120239,480,854,29.0
9,0.3103448275862069,RIGHT_FOOT_INDEX,-0.15536566078662872,0.8443936705589294,-0.005112531129270792,0.9932096600532532,480,854,29.0
10,0.3448275862068966,NOSE,-0.0005021532997488976,-0.6200340986251831,-0.31348907947540283,0.9999974370002747,480,854,29.0
10,0.3448275862068966,LEFT_EYE_INNER,0.007100920658558607,-0.6590744853019714,-0.2988039255142212,0.9999891519546509,480,854,29.0
10,0.3448275862068966,LEFT_EYE,0.007530650123953819,-0.6595901250839233,-0.298155814409256,0.9999887347221375,480,854,29.0
10,0.3448275862068966,LEFT_EYE_OUTER,0.00746441213414073,-0.660000741481781,-0.29813912510871887,0.999988317489624,480,854,29.0
10,0.3448275862068966,RIGHT_EYE_INNER,-0.025572791695594788,-0.653954029083252,-0.2981261909008026,0.9999890327453613,480,854,29.0
10,0.3448275862068966,RIGHT_EYE,-0.025223175063729286,-0.6549625992774963,-0.2988527715206146,0.9999884963035583,480,854,29.0
10,0.3448275862068966,RIGHT_EYE_OUTER,-0.02525005303323269,-0.6562632918357849,-0.2977064549922943,0.9999874830245972,480,854,29.0
10,0.3448275862068966,LEFT_EAR,0.059300497174263,-0.6539186239242554,-0.18878725171089172,0.9999793767929077,480,854,29.0
10,0.3448275862068966,RIGHT_EAR,-0.09003369510173798,-0.6424254775047302,-0.1959846317768097,0.9999758005142212,480,854,29.0
10,0.3448275862068966,MOUTH_LEFT,0.02325560338795185,-0.5984804630279541,-0.2732495367527008,0.9999946355819702,480,854,29.0
10,0.3448275862068966,MOUTH_RIGHT,-0.020402677357196808,-0.5935866832733154,-0.2739775776863098,0.9999936819076538,480,854,29.0
10,0.3448275862068966,LEFT_SHOULDER,0.16437608003616333,-0.4706778824329376,-0.10346297919750214,0.9999845623970032,480,854,29.0
10,0.3448275862068966,RIGHT_SHOULDER,-0.17028798162937164,-0.46798717975616455,-0.1214865893125534,0.999980092048645,480,854,29.0
10,0.3448275862068966,LEFT_ELBOW,0.2141021341085434,-0.235453262925148,-0.06328868865966797,0.9925587773323059,480,854,29.0
10,0.3448275862068966,RIGHT_ELBOW,-0.22581753134727478,-0.21361900866031647,-0.0696214810013771,0.9797183275222778,480,854,29.0
10,0.3448275862068966,LEFT_WRIST,0.2880617082118988,-0.014410889707505703,-0.14002589881420135,0.9860955476760864,480,854,29.0
10,0.3448275862068966,RIGHT_WRIST,-0.3005400002002716,0.005716551095247269,-0.14507068693637848,0.9715465307235718,480,854,29.0
10,0.3448275862068966,LEFT_PINKY,0.3076959252357483,0.06493352353572845,-0.1529044359922409,0.9655249118804932,480,854,29.0
10,0.3448275862068966,RIGHT_PINKY,-0.316123902797699,0.08420279622077942,-0.1631689965724945,0.9463373422622681,480,854,29.0
10,0.3448275862068966,LEFT_INDEX,0.2949952185153961,0.07216257601976395,-0.19494660198688507,0.9691358208656311,480,854,29.0
10,0.3448275862068966,RIGHT_INDEX,-0.30828794836997986,0.08169270306825638,-0.20179539918899536,0.9514971971511841,480,854,29.0
10,0.3448275862068966,LEFT_THUMB,0.2825378477573395,0.004484317731112242,-0.155051127076149,0.964317798614502,480,854,29.0
10,0.3448275862068966,RIGHT_THUMB,-0.29220065474510193,0.022664379328489304,-0.16273094713687897,0.9444135427474976,480,854,29.0
10,0.3448275862068966,LEFT_HIP,0.1160128191113472,0.005061745643615723,0.007810153532773256,0.9998124241828918,480,854,29.0
10,0.3448275862068966,RIGHT_HIP,-0.11622300744056702,-0.005666140001267195,-0.006590037140995264,0.9998262524604797,480,854,29.0
10,0.3448275862068966,LEFT_KNEE,0.11723256856203079,0.41885867714881897,-0.0028560995124280453,0.9961674809455872,480,854,29.0
10,0.3448275862068966,RIGHT_KNEE,-0.12382613122463226,0.38904616236686707,5.853026323165977e-06,0.997524619102478,480,854,29.0
10,0.3448275862068966,LEFT_ANKLE,0.14238078892230988,0.7714855074882507,0.10536700487136841,0.9954694509506226,480,854,29.0
10,0.3448275862068966,RIGHT_ANKLE,-0.11710809916257858,0.7427365779876709,0.11585216969251633,0.9963337182998657,480,854,29.0
10,0.3448275862068966,LEFT_HEEL,0.15034206211566925,0.8160077333450317,0.10468027740716934,0.9339093565940857,480,854,29.0
10,0.3448275862068966,RIGHT_HEEL,-0.11837426573038101,0.7881807684898376,0.1173219308257103,0.9160139560699463,480,854,29.0
10,0.3448275862068966,LEFT_FOOT_INDEX,0.20910607278347015,0.8711331486701965,-0.01838766410946846,0.9920481443405151,480,854,29.0
10,0.3448275862068966,RIGHT_FOOT_INDEX,-0.15502116084098816,0.8442573547363281,-0.0052344719879329205,0.993061363697052,480,854,29.0
11,0.3793103448275862,NOSE,-0.0005038473173044622,-0.6199377179145813,-0.3121418356895447,0.9999973773956299,480,854,29.0
11,0.3793103448275862,LEFT_EYE_INNER,0.007092341780662537,-0.6589915752410889,-0.29748496413230896,0.999988853931427,480,854,29.0
11,0.3793103448275862,LEFT_EYE,0.0075216288678348064,-0.6595063805580139,-0.2968364357948303,0.9999884366989136,480,854,29.0
11,0.3793103448275862,LEFT_EYE_OUTER,0.007455628365278244,-0.6599175333976746,-0.29682138562202454,0.9999880194664001,480,854,29.0
11,0.3793103448275862,RIGHT_EYE_INNER,-0.025578713044524193,-0.6538766622543335,-0.2967677116394043,0.9999886751174927,480,854,29.0
11,0.3793103448275862,RIGHT_EYE,-0.025229010730981827,-0.6548845767974854,-0.297492653131485,0.9999881386756897,480,854,29.0
11,0.3793103448275862,RIGHT_EYE_OUTER,-0.025256067514419556,-0.6561853885650635,-0.2963539958000183,0.9999871253967285,480,854,29.0
11,0.3793103448275862,LEFT_EAR,0.05931068956851959,-0.6539174318313599,-0.18760302662849426,0.9999788403511047,480,854,29.0
11,0.3793103448275862,RIGHT_EAR,-0.09001627564430237,-0.6423748135566711,-0.19462747871875763,0.9999750852584839,480,854,29.0
11,0.3793103448275862,MOUTH_LEFT,0.023265818133950233,-0.5984218716621399,-0.2719470262527466,0.9999944567680359,480,854,29.0
11,0.3793103448275862,MOUTH_RIGHT,-0.020384687930345535,-0.593525230884552,-0.2726247310638428,0.9999934434890747,480,854,29.0
11,0.3793103448275862,LEFT_SHOULDER,0.16439653933048248,-0.47071072459220886,-0.10264527797698975,0.9999843835830688,480,854,29.0
11,0.3793103448275862,RIGHT_SHOULDER,-0.1701938807964325,-0.4679614007472992,-0.12051405757665634,0.9999796748161316,480,854,29.0
11,0.3793103448275862,LEFT_ELBOW,0.21380773186683655,-0.23536907136440277,-0.06264708936214447,0.9924418926239014,480,854,29.0
11,0.3793103448275862,RIGHT_ELBOW,-0.22572198510169983,-0.21361418068408966,-0.06896232068538666,0.9797534942626953,480,854,29.0
11,0.3793103448275862,LEFT_WRIST,0.28766438364982605,-0.014441880397498608,-0.1393277943134308,0.9859582781791687,480,854,29.0
11,0.3793103448275862,RIGHT_WRIST,-0.3005375266075134,0.005718609783798456,-0.1444316804409027,0.9716441035270691,480,854,29.0
11,0.3793103448275862,LEFT_PINKY,0.3073420822620392,0.06485434621572495,-0.15230728685855865,0.9652805924415588,480,854,29.0
11,0.3793103448275862,RIGHT_PINKY,-0.31613221764564514,0.0842067301273346,-0.16253769397735596,0.9464690089225769,480,854,29.0
11,0.3793103448275862,LEFT_INDEX,0.29454854130744934,0.07206185907125473,-0.19417928159236908,0.9689085483551025,480,854,29.0
11,0.3793103448275862,RIGHT_INDEX,-0.3082824945449829,0.08176910877227783,-0.20116648077964783,0.9515954852104187,480,854,29.0
11,0.3793103448275862,LEFT_THUMB,0.2821314334869385,0.004443937446922064,-0.15433630347251892,0.9640777707099915,480,854,29.0
11,0.3793103448275862,RIGHT_THUMB,-0.2921965420246124,0.02268211916089058,-0.16209863126277924,0.9445397257804871,480,854,29.0
11,0.3793103448275862,LEFT_HIP,0.11600184440612793,0.005052040331065655,0.007772182580083609,0.9998105764389038,480,854,29.0
11,0.3793103448275862,RIGHT_HIP,-0.11621522903442383,-0.005655993707478046,-0.006552012637257576,0.9998242855072021,480,854,29.0
11,0.3793103448275862,LEFT_KNEE,0.11718880385160446,0.4187321066856384,-0.002927331952378154,0.996160089969635,480,854,29.0
11,0.3793103448275862,RIGHT_KNEE,-0.12379594147205353,0.38903579115867615,-0.00014488706074189395,0.9975245594978333,480,854,29.0
11,0.3793103448275862,LEFT_ANKLE,0.14235621690750122,0.7715473175048828,0.1052231416106224,0.9954145550727844,480,854,29.0
11,0.3793103448275862,RIGHT_ANKLE,-0.1170765608549118,0.7427340149879456,0.11581572890281677,0.996265709400177,480,854,29.0
11,0.3793103448275862,LEFT_HEEL,0.15027587115764618,0.8160869479179382,0.1045810729265213,0.9329860210418701,480,854,29.0
11,0.3793103448275862,RIGHT_HEEL,-0.11834223568439484,0.7881792187690735,0.11732696741819382,0.9147619009017944,480,854,29.0
11,0.3793103448275862,LEFT_FOOT_INDEX,0.20827099680900574,0.8711658716201782,-0.01861157827079296,0.9919179081916809,480,854,29.0
11,0.3793103448275862,RIGHT_FOOT_INDEX,-0.15470077097415924,0.8442084193229675,-0.005321442615240812,0.9929148554801941,480,854,29.0
12,0.41379310344827586,NOSE,-0.0004870399134233594,-0.6198545098304749,-0.3114008605480194,0.9999973177909851,480,854,29.0
12,0.41379310344827586,LEFT_EYE_INNER,0.007094233762472868,-0.6589193344116211,-0.29675430059432983,0.9999885559082031,480,854,29.0
12,0.41379310344827586,LEFT_EYE,0.007523286622017622,-0.6594333648681641,-0.29610610008239746,0.9999881982803345,480,854,29.0
12,0.41379310344827586,LEFT_EYE_OUTER,0.007457465399056673,-0.6598449945449829,-0.29609203338623047,0.9999877214431763,480,854,29.0
12,0.41379310344827586,RIGHT_EYE_INNER,-0.025575503706932068,-0.6538062691688538,-0.29603394865989685,0.9999883770942688,480,854,29.0
12,0.41379310344827586,RIGHT_EYE,-0.025225603953003883,-0.6548135876655579,-0.29675593972206116,0.9999878406524658,480,854,29.0
12,0.41379310344827586,RIGHT_EYE_OUTER,-0.02525285631418228,-0.6561142802238464,-0.29562127590179443,0.9999868273735046,480,854,29.0
12,0.41379310344827586,LEFT_EAR,0.05932173877954483,-0.6539239883422852,-0.18688610196113586,0.9999783635139465,480,854,29.0
12,0.41379310344827586,RIGHT_EAR,-0.08999674767255783,-0.6423270106315613,-0.19389910995960236,0.9999743700027466,480,854,29.0
12,0.41379310344827586,MOUTH_LEFT,0.023298364132642746,-0.598373532295227,-0.27119937539100647,0.9999942779541016,480,854,29.0
12,0.41379310344827586,MOUTH_RIGHT,-0.02034369483590126,-0.5934697985649109,-0.27187231183052063,0.9999932646751404,480,854,29.0
12,0.41379310344827586,LEFT_SHOULDER,0.1644168198108673,-0.4707707166671753,-0.10210151970386505,0.9999842047691345,480,854,29.0
12,0.41379310344827586,RIGHT_SHOULDER,-0.1701037883758545,-0.46793872117996216,-0.11987284570932388,0.9999792575836182,480,854,29.0
12,0.41379310344827586,LEFT_ELBOW,0.21332520246505737,-0.23530147969722748,-0.0622330941259861,0.9923315048217773,480,854,29.0
12,0.41379310344827586,RIGHT_ELBOW,-0.22565831243991852,-0.21360637247562408,-0.06846321374177933,0.979761004447937,480,854,29.0
12,0.41379310344827586,LEFT_WRIST,0.2870231568813324,-0.014450453221797943,-0.13902518153190613,0.9858425855636597,480,854,29.0
12,0.41379310344827586,RIGHT_WRIST,-0.30053019523620605,0.005720323417335749,-0.14394426345825195,0.9716959595680237,480,854,29.0
12,0.41379310344827586,LEFT_PINKY,0.3067333400249481,0.06484349817037582,-0.15206636488437653,0.9650737643241882,480,854,29.0
12,0.41379310344827586,RIGHT_PINKY,-0.3161320686340332,0.08421644568443298,-0.16205988824367523,0.9465222358703613,480,854,29.0
12,0.41379310344827586,LEFT_INDEX,0.29387906193733215,0.07205477356910706,-0.1938767284154892,0.968718409538269,480,854,29.0
12,0.41379310344827586,RIGHT_INDEX,-0.30827540159225464,0.08183128386735916,-0.20070718228816986,0.9516262412071228,480,854,29.0
12,0.41379310344827586,LEFT_THUMB,0.2814789116382599,0.00443627592176199,-0.1540387123823166,0.9638708233833313,480,854,29.0
12,0.41379310344827586,RIGHT_THUMB,-0.2921900749206543,0.022698480635881424,-0.16162210702896118,0.944589376449585,480,854,29.0
12,0.41379310344827586,LEFT_HIP,0.11599038541316986,0.005040393210947514,0.007743777707219124,0.9998090863227844,480,854,29.0
12,0.41379310344827586,RIGHT_HIP,-0.11620631068944931,-0.005643684417009354,-0.006523002404719591,0.9998226761817932,480,854,29.0
12,0.41379310344827586,LEFT_KNEE,0.11716365069150925,0.41862472891807556,-0.002918425714597106,0.9961499571800232,480,854,29.0
12,0.41379310344827586,RIGHT_KNEE,-0.12369906157255173,0.38903823494911194,-0.00018814404029399157,0.9975226521492004,480,854,29.0
12,0.41379310344827586,LEFT_ANKLE,0.1423245370388031,0.7717147469520569,0.104981929063797,0.9953698515892029,480,854,29.0
12,0.41379310344827586,RIGHT_ANKLE,-0.11696042120456696,0.7428203821182251,0.11576542258262634,0.9962062835693359,480,854,29.0
12,0.41379310344827586,LEFT_HEEL,0.15020504593849182,0.8162895441055298,0.1043415293097496,0.9323263168334961,480,854,29.0
12,0.41379310344827586,RIGHT_HEEL,-0.11822214722633362,0.7882742285728455,0.11729544401168823,0.9136803150177002,480,854,29.0
12,0.41379310344827586,LEFT_FOOT_INDEX,0.20777113735675812,0.8712515830993652,-0.018976030871272087,0.9918160438537598,480,854,29.0
12,0.41379310344827586,RIGHT_FOOT_INDEX,-0.15428803861141205,0.8442263603210449,-0.005437917076051235,0.9927875995635986,480,854,29.0
13,0.4482758620689655,NOSE,-0.00048575352411717176,-0.6196863651275635,-0.3108809292316437,0.9999972581863403,480,854,29.0
13,0.4482758620689655,LEFT_EYE_INNER,0.007085343822836876,-0.6587626934051514,-0.2962850034236908,0.999988317489624,480,854,29.0
13,0.4482758620689655,LEFT_EYE,0.007514133583754301,-0.6592763066291809,-0.295637845993042,0.9999879598617554,480,854,29.0
13,0.4482758620689655,LEFT_EYE_OUTER,0.007448318414390087,-0.6596888899803162,-0.29562219977378845,0.9999874830245972,480,854,29.0
13,0.4482758620689655,RIGHT_EYE_INNER,-0.025583121925592422,-0.653601348400116,-0.29554784297943115,0.9999880790710449,480,854,29.0
13,0.4482758620689655,RIGHT_EYE,-0.025233009830117226,-0.6546099781990051,-0.29626795649528503,0.9999875426292419,480,854,29.0
13,0.4482758620689655,RIGHT_EYE_OUTER,-0.0252608060836792,-0.6559112668037415,-0.2951355576515198,0.9999865293502808,480,854,29.0
13,0.4482758620689655,LEFT_EAR,0.05932389199733734,-0.6538694500923157,-0.1864415556192398,0.9999779462814331,480,854,29.0
13,0.4482758620689655,RIGHT_EAR,-0.0899868831038475,-0.6421467661857605,-0.19340141117572784,0.999973714351654,480,854,29.0
13,0.4482758620689655,MOUTH_LEFT,0.023310355842113495,-0.5982560515403748,-0.270651638507843,0.9999940991401672,480,854,29.0
13,0.4482758620689655,MOUTH_RIGHT,-0.020326601341366768,-0.5933024883270264,-0.2713085114955902,0.999993085861206,480,854,29.0
13,0.4482758620689655,LEFT_SHOULDER,0.16443806886672974,-0.47078466415405273,-0.10161010921001434,0.9999840259552002,480,854,29.0
13,0.4482758620689655,RIGHT_SHOULDER,-0.17001722753047943,-0.46788182854652405,-0.11920996010303497,0.9999789595603943,480,854,29.0
13,0.4482758620689655,LEFT_ELBOW,0.21271061897277832,-0.23512183129787445,-0.06178697198629379,0.9922463893890381,480,854,29.0
13,0.4482758620689655,RIGHT_ELBOW,-0.22560974955558777,-0.2135617882013321,-0.06775343418121338,0.9797717332839966,480,854,29.0
13,0.4482758620689655,LEFT_WRIST,0.286327600479126,-0.014437493868172169,-0.13871154189109802,0.9857963919639587,480,854,29.0
13,0.4482758620689655,RIGHT_WRIST,-0.3005315959453583,0.005737210623919964,-0.1433805525302887,0.9717945456504822,480,854,29.0
13,0.4482758620689655,LEFT_PINKY,0.30601829290390015,0.06486156582832336,-0.15179386734962463,0.9650194048881531,480,854,29.0
13,0.4482758620689655,RIGHT_PINKY,-0.31615546345710754,0.08425037562847137,-0.16154825687408447,0.9466502666473389,480,854,29.0
13,0.4482758620689655,LEFT_INDEX,0.2931349277496338,0.07208684831857681,-0.19358135759830475,0.9686654806137085,480,854,29.0
13,0.4482758620689655,RIGHT_INDEX,-0.30827760696411133,0.08190451562404633,-0.20018863677978516,0.9517306089401245,480,854,29.0
13,0.4482758620689655,LEFT_THUMB,0.2807726263999939,0.004454962909221649,-0.15374085307121277,0.9638041853904724,480,854,29.0
13,0.4482758620689655,RIGHT_THUMB,-0.2921886146068573,0.022734208032488823,-0.16105778515338898,0.9447206854820251,480,854,29.0
13,0.4482758620689655,LEFT_HIP,0.11597756296396255,0.005022477824240923,0.007716013118624687,0.9998068809509277,480,854,29.0
13,0.4482758620689655,RIGHT_HIP,-0.11619574576616287,-0.005625482648611069,-0.006493324413895607,0.9998211860656738,480,854,29.0
13,0.4482758620689655,LEFT_KNEE,0.1170990839600563,0.4185674786567688,-0.002915388671681285,0.9961283206939697,480,854,29.0
13,0.4482758620689655,RIGHT_KNEE,-0.12364313751459122,0.3890816271305084,-0.00033151876414194703,0.997514545917511,480,854,29.0
13,0.4482758620689655,LEFT_ANKLE,0.14225856959819794,0.7718868255615234,0.10423148423433304,0.9953123331069946,480,854,29.0
13,0.4482758620689655,RIGHT_ANKLE,-0.11679846793413162,0.7433059811592102,0.11481323838233948,0.9961503148078918,480,854,29.0
13,0.4482758620689655,LEFT_HEEL,0.1501026153564453,0.8164868354797363,0.10353328287601471,0.9316340088844299,480,854,29.0
13,0.4482758620689655,RIGHT_HEEL,-0.11803930997848511,0.7888014912605286,0.11626351624727249,0.9127411842346191,480,854,29.0
13,0.4482758620689655,LEFT_FOOT_INDEX,0.20742736756801605,0.871293306350708,-0.019947540014982224,0.9917075037956238,480,854,29.0
13,0.4482758620689655,RIGHT_FOOT_INDEX,-0.1539909839630127,0.8444708585739136,-0.006707852240651846,0.9926679730415344,480,854,29.0
14,0.4827586206896552,NOSE,-0.00047734801773913205,-0.6196171045303345,-0.3100595772266388,0.9999971985816956,480,854,29.0
14,0.4827586206896552,LEFT_EYE_INNER,0.007084643933922052,-0.6586978435516357,-0.29549911618232727,0.9999880790710449,480,854,29.0
14,0.4827586206896552,LEFT_EYE,0.0075132339261472225,-0.6592111587524414,-0.2948533892631531,0.9999877214431763,480,854,29.0
14,0.4827586206896552,LEFT_EYE_OUTER,0.007447530515491962,-0.6596242189407349,-0.2948363721370697,0.9999872446060181,480,854,29.0
14,0.4827586206896552,RIGHT_EYE_INNER,-0.025583766400814056,-0.6535104513168335,-0.2947413921356201,0.9999878406524658,480,854,29.0
14,0.4827586206896552,RIGHT_EYE,-0.025233540683984756,-0.6545197367668152,-0.2954592704772949,0.9999872446060181,480,854,29.0
14,0.4827586206896552,RIGHT_EYE_OUTER,-0.025261608883738518,-0.6558211445808411,-0.2943299412727356,0.9999862313270569,480,854,29.0
14,0.4827586206896552,LEFT_EAR,0.05933261662721634,-0.6538504362106323,-0.18568213284015656,0.9999775886535645,480,854,29.0
14,0.4827586206896552,RIGHT_EAR,-0.08997286111116409,-0.6420626044273376,-0.1925872415304184,0.9999731183052063,480,854,29.0
14,0.4827586206896552,MOUTH_LEFT,0.02333136647939682,-0.5982084274291992,-0.26981180906295776,0.9999939799308777,480,854,29.0
14,0.4827586206896552,MOUTH_RIGHT,-0.02030099555850029,-0.5932286381721497,-0.27045154571533203,0.9999929070472717,480,854,29.0
14,0.4827586206896552,LEFT_SHOULDER,0.1644647866487503,-0.470813125371933,-0.10084167122840881,0.9999838471412659,480,854,29.0
14,0.4827586206896552,RIGHT_SHOULDER,-0.16991150379180908,-0.46786078810691833,-0.11834996938705444,0.9999786615371704,480,854,29.0
14,0.4827586206896552,LEFT_ELBOW,0.21216334402561188,-0.234977588057518,-0.06100077927112579,0.9921540021896362,480,854,29.0
14,0.4827586206896552,RIGHT_ELBOW,-0.22548320889472961,-0.21358120441436768,-0.06681480258703232,0.979742169380188,480,854,29.0
14,0.4827586206896552,LEFT_WRIST,0.28560638427734375,-0.014437754638493061,-0.13805247843265533,0.9857401847839355,480,854,29.0
14,0.4827586206896552,RIGHT_WRIST,-0.30054131150245667,0.005658140871673822,-0.142722025513649,0.9718321561813354,480,854,29.0
14,0.4827586206896552,LEFT_PINKY,0.3052310347557068,0.06486272811889648,-0.15117394924163818,0.9649524688720703,480,854,29.0
14,0.4827586206896552,RIGHT_PINKY,-0.31621336936950684,0.08418958634138107,-0.1609976589679718,0.9466949105262756,480,854,29.0
14,0.4827586206896552,LEFT_INDEX,0.29235491156578064,0.07209364324808121,-0.1929473727941513,0.9686021208763123,480,854,29.0
14,0.4827586206896552,RIGHT_INDEX,-0.30829930305480957,0.0819413885474205,-0.19966699182987213,0.9517620205879211,480,854,29.0
14,0.4827586206896552,LEFT_THUMB,0.28003546595573425,0.004456054884940386,-0.1531016230583191,0.9637196063995361,480,854,29.0
14,0.4827586206896552,RIGHT_THUMB,-0.2921951115131378,0.022696617990732193,-0.1604282408952713,0.9447800517082214,480,854,29.0
14,0.4827586206896552,LEFT_HIP,0.115966796875,0.005012750159949064,0.007691670674830675,0.9998049139976501,480,854,29.0
14,0.4827586206896552,RIGHT_HIP,-0.11618698388338089,-0.00561542296782136,-0.006467652507126331,0.9998197555541992,480,854,29.0
14,0.4827586206896552,LEFT_KNEE,0.11703844368457794,0.4185132086277008,-0.0028620886150747538,0.996110200881958,480,854,29.0
14,0.4827586206896552,RIGHT_KNEE,-0.12360615283250809,0.38909628987312317,-0.00044495760812424123,0.9975083470344543,480,854,29.0
14,0.4827586206896552,LEFT_ANKLE,0.1421777904033661,0.772050142288208,0.10376261174678802,0.9952621459960938,480,854,29.0
14,0.4827586206896552,RIGHT_ANKLE,-0.11670368909835815,0.7436294555664062,0.11415184289216995,0.9961001873016357,480,854,29.0
14,0.4827586206896552,LEFT_HEEL,0.14998449385166168,0.8166695237159729,0.10301805287599564,0.9310129284858704,480,854,29.0
14,0.4827586206896552,RIGHT_HEEL,-0.11793282628059387,0.7891521453857422,0.11554741859436035,0.911879301071167,480,854,29.0
14,0.4827586206896552,LEFT_FOOT_INDEX,0.2071332484483719,0.8713210225105286,-0.02054489776492119,0.991608738899231,480,854,29.0
14,0.4827586206896552,RIGHT_FOOT_INDEX,-0.1537802368402481,0.8446134924888611,-0.0075849746353924274,0.9925585985183716,480,854,29.0
15,0.5172413793103449,NOSE,-0.0004246775642968714,-0.6193975806236267,-0.3101520836353302,0.9999971389770508,480,854,29.0
15,0.5172413793103449,LEFT_EYE_INNER,0.0071126301772892475,-0.6584922075271606,-0.2956068813800812,0.9999879002571106,480,854,29.0
15,0.5172413793103449,LEFT_EYE,0.0075406525284051895,-0.6590048670768738,-0.29496100544929504,0.9999875426292419,480,854,29.0
15,0.5172413793103449,LEFT_EYE_OUTER,0.007475120946764946,-0.6594191193580627,-0.29494380950927734,0.9999870657920837,480,854,29.0
15,0.5172413793103449,RIGHT_EYE_INNER,-0.025556165724992752,-0.6532725095748901,-0.2948499917984009,0.9999876022338867,480,854,29.0
15,0.5172413793103449,RIGHT_EYE,-0.025205571204423904,-0.6542818546295166,-0.29556795954704285,0.999987006187439,480,854,29.0
15,0.5172413793103449,RIGHT_EYE_OUTER,-0.025234686210751534,-0.6555840969085693,-0.2944377362728119,0.999985933303833,480,854,29.0
15,0.5172413793103449,LEFT_EAR,0.059363268315792084,-0.6537449359893799,-0.18578283488750458,0.9999772906303406,480,854,29.0
15,0.5172413793103449,RIGHT_EAR,-0.08992911875247955,-0.6418716907501221,-0.1926894187927246,0.9999725818634033,480,854,29.0
15,0.5172413793103449,MOUTH_LEFT,0.02340073324739933,-0.5980361700057983,-0.26989084482192993,0.9999938607215881,480,854,29.0
15,0.5172413793103449,MOUTH_RIGHT,-0.02022661454975605,-0.5930215120315552,-0.27053189277648926,0.9999927282333374,480,854,29.0
15,0.5172413793103449,LEFT_SHOULDER,0.16452570259571075,-0.4708172082901001,-0.10081013292074203,0.9999836683273315,480,854,29.0
15,0.5172413793103449,RIGHT_SHOULDER,-0.1697816550731659,-0.4678078889846802,-0.11833461374044418,0.9999783635139465,480,854,29.0
15,0.5172413793103449,LEFT_ELBOW,0.21181263029575348,-0.23476669192314148,-0.06081831082701683,0.9920768141746521,480,854,29.0
15,0.5172413793103449,RIGHT_ELBOW,-0.22534367442131042,-0.21358183026313782,-0.06660187244415283,0.9797269701957703,480,854,29.0
15,0.5172413793103449,LEFT_WRIST,0.285084992647171,-0.014402019791305065,-0.13792820274829865,0.9856878519058228,480,854,29.0
15,0.5172413793103449,RIGHT_WRIST,-0.30054008960723877,0.005623726174235344,-0.14256538450717926,0.9718500375747681,480,854,29.0
15,0.5172413793103449,LEFT_PINKY,0.3046167492866516,0.06490586698055267,-0.15106670558452606,0.964876651763916,480,854,29.0
15,0.5172413793103449,RIGHT_PINKY,-0.31623727083206177,0.08416552096605301,-0.16088570654392242,0.946698784828186,480,854,29.0
15,0.5172413793103449,LEFT_INDEX,0.291787326335907,0.0721464678645134,-0.1928413212299347,0.9685332775115967,480,854,29.0
15,0.5172413793103449,RIGHT_INDEX,-0.3083086609840393,0.08198119699954987,-0.19956611096858978,0.9517611265182495,480,854,29.0
15,0.5172413793103449,LEFT_THUMB,0.279506653547287,0.004492399748414755,-0.15298427641391754,0.9636279344558716,480,854,29.0
15,0.5172413793103449,RIGHT_THUMB,-0.292193740606308,0.02268480882048607,-0.16028311848640442,0.944793701171875,480,854,29.0
15,0.5172413793103449,LEFT_HIP,0.11595834791660309,0.005003276746720076,0.007676396053284407,0.9998027682304382,480,854,29.0
15,0.5172413793103449,RIGHT_HIP,-0.11618005484342575,-0.005605602171272039,-0.006450929678976536,0.9998182058334351,480,854,29.0
15,0.5172413793103449,LEFT_KNEE,0.11699455231428146,0.41848790645599365,-0.0028210605960339308,0.9960903525352478,480,854,29.0
15,0.5172413793103449,RIGHT_KNEE,-0.12356317043304443,0.38911232352256775,-0.0005462647532112896,0.9975011348724365,480,854,29.0
15,0.5172413793103449,LEFT_ANKLE,0.1421600580215454,0.7721828818321228,0.10341497510671616,0.9952198266983032,480,854,29.0
15,0.5172413793103449,RIGHT_ANKLE,-0.11662231385707855,0.7438979148864746,0.11364023387432098,0.996056079864502,480,854,29.0
15,0.5172413793103449,LEFT_HEEL,0.1499551683664322,0.8168101906776428,0.1026446595788002,0.9305309057235718,480,854,29.0
15,0.5172413793103449,RIGHT_HEEL,-0.11783364415168762,0.7894412875175476,0.11499472707509995,0.9110859632492065,480,854,29.0
15,0.5172413793103449,LEFT_FOOT_INDEX,0.20703598856925964,0.8713329434394836,-0.020957404747605324,0.9915282130241394,480,854,29.0
15,0.5172413793103449,RIGHT_FOOT_INDEX,-0.15351271629333496,0.8447811007499695,-0.008274893276393414,0.992464005947113,480,854,29.0
16,0.5517241379310345,NOSE,-0.00021501857554540038,-0.6192870140075684,-0.30983179807662964,0.999997079372406,480,854,29.0
16,0.5517241379310345,LEFT_EYE_INNER,0.007254837546497583,-0.6583893299102783,-0.29531237483024597,0.9999876618385315,480,854,29.0
16,0.5517241379310345,LEFT_EYE,0.007681639399379492,-0.6589010953903198,-0.2946668863296509,0.9999873638153076,480,854,29.0
16,0.5517241379310345,LEFT_EYE_OUTER,0.007616228889673948,-0.6593160033226013,-0.2946496307849884,0.9999868869781494,480,854,29.0
16,0.5517241379310345,RIGHT_EYE_INNER,-0.025411415845155716,-0.653137743473053,-0.29455453157424927,0.9999873638153076,480,854,29.0
16,0.5517241379310345,RIGHT_EYE,-0.025060392916202545,-0.6541470885276794,-0.2952723503112793,0.9999867081642151,480,854,29.0
16,0.5517241379310345,RIGHT_EYE_OUTER,-0.025091195479035378,-0.6554494500160217,-0.29414379596710205,0.9999856352806091,480,854,29.0
16,0.5517241379310345,LEFT_EAR,0.059500887989997864,-0.65370112657547,-0.18547891080379486,0.9999769926071167,480,854,29.0
16,0.5517241379310345,RIGHT_EAR,-0.08975039422512054,-0.6417317986488342,-0.19237922132015228,0.9999719858169556,480,854,29.0
16,0.5517241379310345,MOUTH_LEFT,0.02365065924823284,-0.5979529023170471,-0.2695466876029968,0.9999937415122986,480,854,29.0
16,0.5517241379310345,MOUTH_RIGHT,-0.019961897283792496,-0.5929024815559387,-0.2701857388019562,0.9999925494194031,480,854,29.0
16,0.5517241379310345,LEFT_SHOULDER,0.1647035777568817,-0.47082772850990295,-0.10047504305839539,0.999983549118042,480,854,29.0
16,0.5517241379310345,RIGHT_SHOULDER,-0.16947108507156372,-0.4677620828151703,-0.11785824596881866,0.9999780058860779,480,854,29.0
16,0.5517241379310345,LEFT_ELBOW,0.21157504618167877,-0.23460184037685394,-0.06051913648843765,0.9920101761817932,480,854,29.0
16,0.5517241379310345,RIGHT_ELBOW,-0.2251826822757721,-0.21357108652591705,-0.06597387045621872,0.9796743392944336,480,854,29.0
16,0.5517241379310345,LEFT_WRIST,0.2843632996082306,-0.0144111979752779,-0.1378234326839447,0.9856670498847961,480,854,29.0
16,0.5517241379310345,RIGHT_WRIST,-0.30051299929618835,0.0055547067895531654,-0.142080157995224,0.9718298316001892,480,854,29.0
16,0.5517241379310345,LEFT_PINKY,0.30370768904685974,0.06489323824644089,-0.15101853013038635,0.9648807644844055,480,854,29.0
16,0.5517241379310345,RIGHT_PINKY,-0.31622469425201416,0.08408933132886887,-0.1604623943567276,0.9466466903686523,480,854,29.0
16,0.5517241379310345,LEFT_INDEX,0.2908138334751129,0.07212267816066742,-0.19277861714363098,0.9685322642326355,480,854,29.0
16,0.5517241379310345,RIGHT_INDEX,-0.30827516317367554,0.0819561779499054,-0.1991121470928192,0.9517068862915039,480,854,29.0
16,0.5517241379310345,LEFT_THUMB,0.27873334288597107,0.00447505759075284,-0.1528826206922531,0.963607668876648,480,854,29.0
16,0.5517241379310345,RIGHT_THUMB,-0.2921578288078308,0.02262631617486477,-0.15979593992233276,0.9447531700134277,480,854,29.0
16,0.5517241379310345,LEFT_HIP,0.11594822257757187,0.0049921125173568726,0.007650947663933039,0.9998007416725159,480,854,29.0
16,0.5517241379310345,RIGHT_HIP,-0.11617161333560944,-0.0055942172184586525,-0.006424106191843748,0.9998165965080261,480,854,29.0
16,0.5517241379310345,LEFT_KNEE,0.1169857382774353,0.4184224605560303,-0.00281897303648293,0.9960697889328003,480,854,29.0
16,0.5517241379310345,RIGHT_KNEE,-0.12343290448188782,0.3891313076019287,-0.0006803495925851166,0.9974920153617859,480,854,29.0
16,0.5517241379310345,LEFT_ANKLE,0.14218322932720184,0.7722427845001221,0.1028612032532692,0.995172917842865,480,854,29.0
16,0.5517241379310345,RIGHT_ANKLE,-0.11637011915445328,0.7441994547843933,0.11290761828422546,0.9960087537765503,480,854,29.0
16,0.5517241379310345,LEFT_HEEL,0.14996229112148285,0.8168750405311584,0.10205140709877014,0.929929256439209,480,854,29.0
16,0.5517241379310345,RIGHT_HEEL,-0.1175537258386612,0.7897637486457825,0.11421144753694534,0.9102999567985535,480,854,29.0
16,0.5517241379310345,LEFT_FOOT_INDEX,0.2069808691740036,0.8713381290435791,-0.02164105698466301,0.991437554359436,480,854,29.0
16,0.5517241379310345,RIGHT_FOOT_INDEX,-0.1530919224023819,0.8449307680130005,-0.00915538426488638,0.9923617839813232,480,854,29.0
17,0.5862068965517241,NOSE,6.687964923912659e-05,-0.6192427277565002,-0.30893656611442566,0.9999970197677612,480,854,29.0
17,0.5862068965517241,LEFT_EYE_INNER,0.007459263317286968,-0.6583490967750549,-0.2944307327270508,0.9999874830245972,480,854,29.0
17,0.5862068965517241,LEFT_EYE,0.007884527556598186,-0.6588606238365173,-0.2937857210636139,0.9999871850013733,480,854,29.0
17,0.5862068965517241,LEFT_EYE_OUTER,0.007819373160600662,-0.6592757105827332,-0.2937692105770111,0.9999867081642151,480,854,29.0
17,0.5862068965517241,RIGHT_EYE_INNER,-0.025202862918376923,-0.6530755758285522,-0.2936805486679077,0.9999871253967285,480,854,29.0
17,0.5862068965517241,RIGHT_EYE,-0.02485153265297413,-0.6540849208831787,-0.29439619183540344,0.999986469745636,480,854,29.0
17,0.5862068965517241,RIGHT_EYE_OUTER,-0.024884020909667015,-0.655387282371521,-0.2932703495025635,0.9999853372573853,480,854,29.0
17,0.5862068965517241,LEFT_EAR,0.05968118831515312,-0.6536871790885925,-0.1845865547657013,0.9999767541885376,480,854,29.0
17,0.5862068965517241,RIGHT_EAR,-0.08953188359737396,-0.6416468024253845,-0.19153745472431183,0.9999713897705078,480,854,29.0
17,0.5862068965517241,MOUTH_LEFT,0.023964187130331993,-0.5979196429252625,-0.26862454414367676,0.999993622303009,480,854,29.0
17,0.5862068965517241,MOUTH_RIGHT,-0.01963486522436142,-0.592848002910614,-0.26927855610847473,0.9999923706054688,480,854,29.0
17,0.5862068965517241,LEFT_SHOULDER,0.16494938731193542,-0.4708588123321533,-0.09970231354236603,0.9999834299087524,480,854,29.0
17,0.5862068965517241,RIGHT_SHOULDER,-0.16912288963794708,-0.4677414894104004,-0.11695922911167145,0.9999776482582092,480,854,29.0
17,0.5862068965517241,LEFT_ELBOW,0.21146850287914276,-0.23449796438217163,-0.05991726741194725,0.9919512867927551,480,854,29.0
17,0.5862068965517241,RIGHT_ELBOW,-0.22484922409057617,-0.21360179781913757,-0.06502293795347214,0.9795497059822083,480,854,29.0
17,0.5862068965517241,LEFT_WRIST,0.2840491533279419,-0.014441651292145252,-0.13742351531982422,0.9856637716293335,480,854,29.0
17,0.5862068965517241,RIGHT_WRIST,-0.30048668384552,0.005361501593142748,-0.14137877523899078,0.9717200398445129,480,854,29.0
17,0.5862068965517241,LEFT_PINKY,0.3033224642276764,0.06485932320356369,-0.1506974697113037,0.9649220705032349,480,854,29.0
17,0.5862068965517241,RIGHT_PINKY,-0.3162241578102112,0.08389265090227127,-0.15985433757305145,0.9464699029922485,480,854,29.0
17,0.5862068965517241,LEFT_INDEX,0.290396511554718,0.07207390666007996,-0.19245409965515137,0.9685667157173157,480,854,29.0
17,0.5862068965517241,RIGHT_INDEX,-0.3082563281059265,0.08184550702571869,-0.19851630926132202,0.9515418410301208,480,854,29.0
17,0.5862068965517241,LEFT_THUMB,0.2783946096897125,0.004435730632394552,-0.15249751508235931,0.9636279344558716,480,854,29.0
17,0.5862068965517241,RIGHT_THUMB,-0.2921241819858551,0.022467000409960747,-0.15912236273288727,0.9446014165878296,480,854,29.0
17,0.5862068965517241,LEFT_HIP,0.11593745648860931,0.004982965532690287,0.00762563431635499,0.9997990727424622,480,854,29.0
17,0.5862068965517241,RIGHT_HIP,-0.11616227775812149,-0.005584758706390858,-0.006397617515176535,0.9998151659965515,480,854,29.0
17,0.5862068965517241,LEFT_KNEE,0.11698675155639648,0.41835278272628784,-0.0027511410880833864,0.9960451126098633,480,854,29.0
17,0.5862068965517241,RIGHT_KNEE,-0.12327692657709122,0.3891449570655823,-0.0007753201643936336,0.9974834322929382,480,854,29.0
17,0.5862068965517241,LEFT_ANKLE,0.14220894873142242,0.7723531126976013,0.10225295275449753,0.995124340057373,480,854,29.0
17,0.5862068965517241,RIGHT_ANKLE,-0.11608503013849258,0.744511604309082,0.11216633766889572,0.9959641098976135,480,854,29.0
17,0.5862068965517241,LEFT_HEEL,0.14997386932373047,0.816994845867157,0.10135527700185776,0.9293748736381531,480,854,29.0
17,0.5862068965517241,RIGHT_HEEL,-0.1172528862953186,0.7900963425636292,0.1133980080485344,0.9095998406410217,480,854,29.0
17,0.5862068965517241,LEFT_FOOT_INDEX,0.2069721668958664,0.8713430762290955,-0.0223827101290226,0.9913421273231506,480,854,29.0
17,0.5862068965517241,RIGHT_FOOT_INDEX,-0.15274851024150848,0.845060408115387,-0.010017224587500095,0.9922612905502319,480,854,29.0
18,0.6206896551724138,NOSE,0.0003264713741373271,-0.619195282459259,-0.30815866589546204,0.9999969601631165,480,854,29.0
18,0.6206896551724138,LEFT_EYE_INNER,0.0076815118081867695,-0.6583000421524048,-0.2936948537826538,0.9999873042106628,480,854,29.0
18,0.6206896551724138,LEFT_EYE,0.008105379529297352,-0.6588113307952881,-0.29305073618888855,0.999987006187439,480,854,29.0
18,0.6206896551724138,LEFT_EYE_OUTER,0.008040566928684711,-0.6592265963554382,-0.2930336594581604,0.9999865889549255,480,854,29.0
18,0.6206896551724138,RIGHT_EYE_INNER,-0.024973202496767044,-0.6530134081840515,-0.29291224479675293,0.9999868869781494,480,854,29.0
18,0.6206896551724138,RIGHT_EYE,-0.024621805176138878,-0.6540226340293884,-0.2936248183250427,0.9999861717224121,480,854,29.0
18,0.6206896551724138,RIGHT_EYE_OUTER,-0.024655655026435852,-0.6553249359130859,-0.2925005853176117,0.9999850392341614,480,854,29.0
18,0.6206896551724138,LEFT_EAR,0.05994632467627525,-0.6536659002304077,-0.18391861021518707,0.9999765753746033,480,854,29.0
18,0.6206896551724138,RIGHT_EAR,-0.08920666575431824,-0.6415917277336121,-0.1907445192337036,0.9999707341194153,480,854,29.0
18,0.6206896551724138,MOUTH_LEFT,0.024264803156256676,-0.5978837609291077,-0.26784753799438477,0.9999935030937195,480,854,29.0
18,0.6206896551724138,MOUTH_RIGHT,-0.01931755617260933,-0.592799186706543,-0.2684641480445862,0.9999921917915344,480,854,29.0
18,0.6206896551724138,LEFT_SHOULDER,0.16523578763008118,-0.47087523341178894,-0.0991470068693161,0.9999833703041077,480,854,29.0
18,0.6206896551724138,RIGHT_SHOULDER,-0.1686628758907318,-0.46774038672447205,-0.11602316796779633,0.9999772906303406,480,854,29.0
18,0.6206896551724138,LEFT_ELBOW,0.21135257184505463,-0.23432883620262146,-0.05948462709784508,0.9919068217277527,480,854,29.0
18,0.6206896551724138,RIGHT_ELBOW,-0.22423870861530304,-0.2137213796377182,-0.06384512037038803,0.9793582558631897,480,854,29.0
18,0.6206896551724138,LEFT_WRIST,0.28371575474739075,-0.014448770321905613,-0.13715629279613495,0.9856829047203064,480,854,29.0
18,0.6206896551724138,RIGHT_WRIST,-0.3004177212715149,0.0049941265024244785,-0.1404297798871994,0.9715648293495178,480,854,29.0
18,0.6206896551724138,LEFT_PINKY,0.3029100298881531,0.06485289335250854,-0.15049542486667633,0.9650146961212158,480,854,29.0
18,0.6206896551724138,RIGHT_PINKY,-0.3162129819393158,0.08353990316390991,-0.1590031385421753,0.9462413191795349,480,854,29.0
18,0.6206896551724138,LEFT_INDEX,0.2899762988090515,0.07206381857395172,-0.19225133955478668,0.9686469435691833,480,854,29.0
18,0.6206896551724138,RIGHT_INDEX,-0.30822330713272095,0.08162065595388412,-0.1977156102657318,0.9513329863548279,480,854,29.0
18,0.6206896551724138,LEFT_THUMB,0.2780429720878601,0.004424045793712139,-0.1522405743598938,0.9636949300765991,480,854,29.0
18,0.6206896551724138,RIGHT_THUMB,-0.29204949736595154,0.022159259766340256,-0.15821948647499084,0.944409191608429,480,854,29.0
18,0.6206896551724138,LEFT_HIP,0.11592618376016617,0.004974782932549715,0.00759454071521759,0.9997979402542114,480,854,29.0
18,0.6206896551724138,RIGHT_HIP,-0.11615227907896042,-0.005576229188591242,-0.006365228444337845,0.9998142123222351,480,854,29.0
18,0.6206896551724138,LEFT_KNEE,0.11699461936950684,0.4183104336261749,-0.0026748753152787685,0.9960200786590576,480,854,29.0
18,0.6206896551724138,RIGHT_KNEE,-0.12307560443878174,0.3891535699367523,-0.0008336163591593504,0.9974751472473145,480,854,29.0
18,0.6206896551724138,LEFT_ANKLE,0.1422499567270279,0.7724730372428894,0.1017025038599968,0.995082676410675,480,854,29.0
18,0.6206896551724138,RIGHT_ANKLE,-0.1157386377453804,0.7448035478591919,0.11164535582065582,0.995927631855011,480,854,29.0
18,0.6206896551724138,LEFT_HEEL,0.1500001847743988,0.8171228170394897,0.10073091834783554,0.9288772344589233,480,854,29.0
18,0.6206896551724138,RIGHT_HEEL,-0.11689524352550507,0.7904085516929626,0.11282460391521454,0.9090919494628906,480,854,29.0
18,0.6206896551724138,LEFT_FOOT_INDEX,0.20697034895420074,0.8713592290878296,-0.02301803044974804,0.991261899471283,480,854,29.0
18,0.6206896551724138,RIGHT_FOOT_INDEX,-0.1524200439453125,0.845183253288269,-0.010591014288365841,0.9921800494194031,480,854,29.0
19,0.6551724137931034,NOSE,0.0005073047359474003,-0.6191360354423523,-0.3068644404411316,0.9999969005584717,480,854,29.0
19,0.6551724137931034,LEFT_EYE_INNER,0.007830672897398472,-0.6582474708557129,-0.29243236780166626,0.9999871850013733,480,854,29.0
19,0.6551724137931034,LEFT_EYE,0.008253367617726326,-0.6587583422660828,-0.2917892038822174,0.9999868869781494,480,854,29.0
19,0.6551724137931034,LEFT_EYE_OUTER,0.00818904023617506,-0.6591739058494568,-0.2917724549770355,0.999986469745636,480,854,29.0
19,0.6551724137931034,RIGHT_EYE_INNER,-0.024816468358039856,-0.6529585719108582,-0.2916167378425598,0.9999866485595703,480,854,29.0
19,0.6551724137931034,RIGHT_EYE,-0.024465342983603477,-0.6539676785469055,-0.29232537746429443,0.999985933303833,480,854,29.0
19,0.6551724137931034,RIGHT_EYE_OUTER,-0.024499736726284027,-0.6552698612213135,-0.29120200872421265,0.9999847412109375,480,854,29.0
19,0.6551724137931034,LEFT_EAR,0.06011900305747986,-0.6536557078361511,-0.18274663388729095,0.9999764561653137,480,854,29.0
19,0.6551724137931034,RIGHT_EAR,-0.08898595720529556,-0.6415709257125854,-0.18947149813175201,0.9999701380729675,480,854,29.0
19,0.6551724137931034,MOUTH_LEFT,0.02447296865284443,-0.5978436470031738,-0.2665667235851288,0.9999933838844299,480,854,29.0
19,0.6551724137931034,MOUTH_RIGHT,-0.019094275310635567,-0.5927523374557495,-0.2671540081501007,0.9999920129776001,480,854,29.0
19,0.6551724137931034,LEFT_SHOULDER,0.1654374897480011,-0.4709189236164093,-0.09828934818506241,0.9999833703041077,480,854,29.0
19,0.6551724137931034,RIGHT_SHOULDER,-0.16832755506038666,-0.4677877426147461,-0.11472038924694061,0.9999769330024719,480,854,29.0
19,0.6551724137931034,LEFT_ELBOW,0.21118086576461792,-0.23419669270515442,-0.05886992812156677,0.9918753504753113,480,854,29.0
19,0.6551724137931034,RIGHT_ELBOW,-0.22368492186069489,-0.21400773525238037,-0.06236456334590912,0.9791085124015808,480,854,29.0
19,0.6551724137931034,LEFT_WRIST,0.2833039164543152,-0.014452576637268066,-0.13672778010368347,0.985731840133667,480,854,29.0
19,0.6551724137931034,RIGHT_WRIST,-0.3003883957862854,0.004463406279683113,-0.13921435177326202,0.9713366627693176,480,854,29.0
19,0.6551724137931034,LEFT_PINKY,0.3024144172668457,0.06485452502965927,-0.15013080835342407,0.9651781916618347,480,854,29.0
19,0.6551724137931034,RIGHT_PINKY,-0.31622302532196045,0.0830802321434021,-0.15788288414478302,0.9459112882614136,480,854,29.0
19,0.6551724137931034,LEFT_INDEX,0.28943711519241333,0.07206494361162186,-0.19190853834152222,0.9687898755073547,480,854,29.0
19,0.6551724137931034,RIGHT_INDEX,-0.3082181215286255,0.0813152864575386,-0.19668583571910858,0.9510308504104614,480,854,29.0
19,0.6551724137931034,LEFT_THUMB,0.2775983512401581,0.0044188834726810455,-0.1518288552761078,0.9638295769691467,480,854,29.0
19,0.6551724137931034,RIGHT_THUMB,-0.29201456904411316,0.02172057516872883,-0.15707115828990936,0.9441307783126831,480,854,29.0
19,0.6551724137931034,LEFT_HIP,0.11591477692127228,0.004967337008565664,0.00755894323810935,0.9997972846031189,480,854,29.0
19,0.6551724137931034,RIGHT_HIP,-0.11614187806844711,-0.005568403750658035,-0.0063284956850111485,0.9998135566711426,480,854,29.0
19,0.6551724137931034,LEFT_KNEE,0.11702752113342285,0.41826146841049194,-0.0024937307462096214,0.9959941506385803,480,854,29.0
19,0.6551724137931034,RIGHT_KNEE,-0.12293293327093124,0.3891601860523224,-0.0008576775435358286,0.9974678754806519,480,854,29.0
19,0.6551724137931034,LEFT_ANKLE,0.14232492446899414,0.7726389169692993,0.10101545602083206,0.9950412511825562,480,854,29.0
19,0.6551724137931034,RIGHT_ANKLE,-0.11547081917524338,0.7451242804527283,0.11109891533851624,0.9958932399749756,480,854,29.0
19,0.6551724137931034,LEFT_HEEL,0.15006010234355927,0.8173006772994995,0.0999184250831604,0.9283834099769592,480,854,29.0
19,0.6551724137931034,RIGHT_HEEL,-0.11662774533033371,0.7907510995864868,0.11219809204339981,0.9086630344390869,480,854,29.0
19,0.6551724137931034,LEFT_FOOT_INDEX,0.20703546702861786,0.8713818788528442,-0.02383245900273323,0.9911819100379944,480,854,29.0
19,0.6551724137931034,RIGHT_FOOT_INDEX,-0.15226620435714722,0.8452965021133423,-0.011189783923327923,0.9921016693115234,480,854,29.0
20,0.6896551724137931,NOSE,0.0006117186858318746,-0.619085431098938,-0.30602794885635376,0.9999968409538269,480,854,29.0
20,0.6896551724137931,LEFT_EYE_INNER,0.00791486632078886,-0.6582027673721313,-0.29162293672561646,0.9999871253967285,480,854,29.0
20,0.6896551724137931,LEFT_EYE,0.008336632512509823,-0.6587133407592773,-0.2909802496433258,0.9999868273735046,480,854,29.0
20,0.6896551724137931,LEFT_EYE_OUTER,0.008272815495729446,-0.6591292023658752,-0.29096367955207825,0.9999864101409912,480,854,29.0
20,0.6896551724137931,RIGHT_EYE_INNER,-0.02472437359392643,-0.652911901473999,-0.29078248143196106,0.999986469745636,480,854,29.0
20,0.6896551724137931,RIGHT_EYE,-0.02437366172671318,-0.6539209485054016,-0.2914876937866211,0.9999857544898987,480,854,29.0
20,0.6896551724137931,RIGHT_EYE_OUTER,-0.024408169090747833,-0.6552231311798096,-0.2903636693954468,0.9999845027923584,480,854,29.0
20,0.6896551724137931,LEFT_EAR,0.06022113934159279,-0.6536442637443542,-0.1820145845413208,0.9999764561653137,480,854,29.0
20,0.6896551724137931,RIGHT_EAR,-0.08883689343929291,-0.6415455341339111,-0.18864727020263672,0.9999696016311646,480,854,29.0
20,0.6896551724137931,MOUTH_LEFT,0.02459545247256756,-0.5978091359138489,-0.2657483220100403,0.9999933242797852,480,854,29.0
20,0.6896551724137931,MOUTH_RIGHT,-0.018956471234560013,-0.5927126407623291,-0.26630985736846924,0.9999918937683105,480,854,29.0
20,0.6896551724137931,LEFT_SHOULDER,0.16555185616016388,-0.4709504544734955,-0.09778658300638199,0.9999834299087524,480,854,29.0
20,0.6896551724137931,RIGHT_SHOULDER,-0.16809457540512085,-0.4678330719470978,-0.11376973986625671,0.9999765753746033,480,854,29.0
20,0.6896551724137931,LEFT_ELBOW,0.21101653575897217,-0.23409542441368103,-0.058466099202632904,0.9918665289878845,480,854,29.0
20,0.6896551724137931,RIGHT_ELBOW,-0.22331207990646362,-0.21440395712852478,-0.06115110218524933,0.9788451194763184,480,854,29.0
20,0.6896551724137931,LEFT_WRIST,0.28297483921051025,-0.014461947605013847,-0.13643145561218262,0.9858064651489258,480,854,29.0
20,0.6896551724137931,RIGHT_WRIST,-0.30039626359939575,0.0038269581273198128,-0.13810522854328156,0.9710808396339417,480,854,29.0
20,0.6896551724137931,LEFT_PINKY,0.3020209074020386,0.06485169380903244,-0.14988015592098236,0.9653932452201843,480,854,29.0
20,0.6896551724137931,RIGHT_PINKY,-0.31633320450782776,0.08252745866775513,-0.1568256914615631,0.9455335736274719,480,854,29.0
20,0.6896551724137931,LEFT_INDEX,0.2890060245990753,0.07206219434738159,-0.1916866898536682,0.9689788818359375,480,854,29.0
20,0.6896551724137931,RIGHT_INDEX,-0.3082859218120575,0.08091985434293747,-0.19573567807674408,0.9506871700286865,480,854,29.0
20,0.6896551724137931,LEFT_THUMB,0.2772473394870758,0.0044079432263970375,-0.15154539048671722,0.9640154242515564,480,854,29.0
20,0.6896551724137931,RIGHT_THUMB,-0.2920210659503937,0.021179499104619026,-0.15603020787239075,0.9438182711601257,480,854,29.0
20,0.6896551724137931,LEFT_HIP,0.11590270698070526,0.004960051272064447,0.007515265140682459,0.9997968077659607,480,854,29.0
20,0.6896551724137931,RIGHT_HIP,-0.11613107472658157,-0.005560748279094696,-0.0062837544828653336,0.9998130202293396,480,854,29.0
20,0.6896551724137931,LEFT_KNEE,0.11708034574985504,0.4182083308696747,-0.0023484716657549143,0.9959738850593567,480,854,29.0
20,0.6896551724137931,RIGHT_KNEE,-0.12282837182283401,0.3891661465167999,-0.0008853862527757883,0.9974625110626221,480,854,29.0
20,0.6896551724137931,LEFT_ANKLE,0.14237631857395172,0.7727858424186707,0.10036785155534744,0.9950065016746521,480,854,29.0
20,0.6896551724137931,RIGHT_ANKLE,-0.11527761071920395,0.7454350590705872,0.11061301827430725,0.9958645105361938,480,854,29.0
20,0.6896551724137931,LEFT_HEEL,0.15009552240371704,0.8174589276313782,0.09915799647569656,0.9278974533081055,480,854,29.0
20,0.6896551724137931,RIGHT_HEEL,-0.11643851548433304,0.7910833358764648,0.1116325631737709,0.9083527326583862,480,854,29.0
20,0.6896551724137931,LEFT_FOOT_INDEX,0.20706748962402344,0.8714171051979065,-0.024602437391877174,0.9911128282546997,480,854,29.0
20,0.6896551724137931,RIGHT_FOOT_INDEX,-0.1522078812122345,0.8453947305679321,-0.011714790016412735,0.9920347332954407,480,854,29.0
21,0.7241379310344828,NOSE,0.0006569338729605079,-0.6190327405929565,-0.30500414967536926,0.9999968409538269,480,854,29.0
21,0.7241379310344828,LEFT_EYE_INNER,0.007952097803354263,-0.6581550240516663,-0.2906302809715271,0.9999870657920837,480,854,29.0
21,0.7241379310344828,LEFT_EYE,0.008373167365789413,-0.6586651802062988,-0.28998690843582153,0.9999867677688599,480,854,29.0
21,0.7241379310344828,LEFT_EYE_OUTER,0.008309652097523212,-0.6590813398361206,-0.2899712920188904,0.9999864101409912,480,854,29.0
21,0.7241379310344828,RIGHT_EYE_INNER,-0.024682678282260895,-0.6528574228286743,-0.2897610664367676,0.9999863505363464,480,854,29.0
21,0.7241379310344828,RIGHT_EYE,-0.02433229610323906,-0.6538663506507874,-0.2904627323150635,0.9999855756759644,480,854,29.0
21,0.7241379310344828,RIGHT_EYE_OUTER,-0.024366850033402443,-0.6551684141159058,-0.28933852910995483,0.9999843239784241,480,854,29.0
21,0.7241379310344828,LEFT_EAR,0.060275088995695114,-0.6536521315574646,-0.18109439313411713,0.9999764561653137,480,854,29.0
21,0.7241379310344828,RIGHT_EAR,-0.08875495940446854,-0.6415271162986755,-0.18763169646263123,0.9999691247940063,480,854,29.0
21,0.7241379310344828,MOUTH_LEFT,0.02465182915329933,-0.5977779626846313,-0.2647368013858795,0.9999932646751404,480,854,29.0
21,0.7241379310344828,MOUTH_RIGHT,-0.01889190264046192,-0.592670202255249,-0.26527103781700134,0.999991774559021,480,854,29.0
21,0.7241379310344828,LEFT_SHOULDER,0.16561588644981384,-0.4710518419742584,-0.09710682183504105,0.9999834895133972,480,854,29.0
21,0.7241379310344828,RIGHT_SHOULDER,-0.167927086353302,-0.46796974539756775,-0.1127222403883934,0.9999762177467346,480,854,29.0
21,0.7241379310344828,LEFT_ELBOW,0.21086961030960083,-0.2340681254863739,-0.05779322236776352,0.9918516278266907,480,854,29.0
21,0.7241379310344828,RIGHT_ELBOW,-0.22300224006175995,-0.21499794721603394,-0.05994570627808571,0.9785231351852417,480,854,29.0
21,0.7241379310344828,LEFT_WRIST,0.2827688753604889,-0.014499221928417683,-0.13568925857543945,0.9858645796775818,480,854,29.0
21,0.7241379310344828,RIGHT_WRIST,-0.3004917502403259,0.00321769155561924,-0.13698719441890717,0.9707193374633789,480,854,29.0
21,0.7241379310344828,LEFT_PINKY,0.301788866519928,0.06482608616352081,-0.14913415908813477,0.9655749201774597,480,854,29.0
21,0.7241379310344828,RIGHT_PINKY,-0.3166574537754059,0.08200082182884216,-0.15575304627418518,0.9449976086616516,480,854,29.0
21,0.7241379310344828,LEFT_INDEX,0.28876227140426636,0.07204096764326096,-0.19100293517112732,0.9691393375396729,480,854,29.0
21,0.7241379310344828,RIGHT_INDEX,-0.30853530764579773,0.08059810847043991,-0.1947971135377884,0.950202226638794,480,854,29.0
21,0.7241379310344828,LEFT_THUMB,0.27703550457954407,0.004372152034193277,-0.15081891417503357,0.964168131351471,480,854,29.0
21,0.7241379310344828,RIGHT_THUMB,-0.29211848974227905,0.02069989964365959,-0.15499535202980042,0.9433644413948059,480,854,29.0
21,0.7241379310344828,LEFT_HIP,0.1158914789557457,0.004953892435878515,0.007465988863259554,0.999796450138092,480,854,29.0
21,0.7241379310344828,RIGHT_HIP,-0.1161210909485817,-0.005554115399718285,-0.006234004162251949,0.9998124241828918,480,854,29.0
21,0.7241379310344828,LEFT_KNEE,0.11709001660346985,0.41816025972366333,-0.0021464803721755743,0.9959642887115479,480,854,29.0
21,0.7241379310344828,RIGHT_KNEE,-0.12277531623840332,0.3891703486442566,-0.0009081375901587307,0.9974613189697266,480,854,29.0
21,0.7241379310344828,LEFT_ANKLE,0.14238986372947693,0.7728753685951233,0.10012349486351013,0.9949848651885986,480,854,29.0
21,0.7241379310344828,RIGHT_ANKLE,-0.11516371369361877,0.7456526160240173,0.11039067804813385,0.9958454966545105,480,854,29.0
21,0.7241379310344828,LEFT_HEEL,0.15010008215904236,0.8175529837608337,0.0988672748208046,0.9274581670761108,480,854,29.0
21,0.7241379310344828,RIGHT_HEEL,-0.11632562428712845,0.7913101315498352,0.1113724559545517,0.9081495404243469,480,854,29.0
21,0.7241379310344828,LEFT_FOOT_INDEX,0.20705348253250122,0.8714516758918762,-0.024876726791262627,0.9910645484924316,480,854,29.0
21,0.7241379310344828,RIGHT_FOOT_INDEX,-0.15216228365898132,0.8454728722572327,-0.011924800463020802,0.9919862747192383,480,854,29.0
